staff_profile_id,staff_code,full_name,current_earnings,wallet_balance,wallet_credits
80df6999-ca36-4de4-89d9-9ca2797beb8c,2692,U W A Gihan Lohitha Wijayathunga,0.00,0,0
1d084418-2a79-46f6-885b-ed5a454568d6,EMP-0000,Testing Account,0.00,0,0
fa81a7f4-2faf-4251-8463-abf1872eeb25,EMP-0002,Mp Karunawathi Kumari,0.00,0,0
320b6339-ce3c-4f83-8085-284af55ce3ca,EMP-0011,Madushanka,0.00,0,0
7af7ceb0-7ed8-48ad-86ed-7d8813c922db,EMP-0014,Lahiru Madushanka,7300.00,0,0
b8d165af-cc9a-4041-9257-0870681d02d6,EMP-0018,Duminda Rathnayaka,0.00,0,0
d804e31d-0744-4dd1-96ce-93bf2f3970ed,EMP-0020,Wijitha Shriyani,0.00,0,0
3d8d3cc5-8c8f-4235-8660-6cabcfb5d5dd,EMP-0021,Sagarika Weerakoon,0.00,0,0
311c6fd5-9a79-45cc-8211-66625a7d9c5a,EMP-0022,S T Suresh Kumara,0.00,0,0
615adac4-c40c-4d8f-9221-d390bd7f0602,EMP-0023,Indika Keerthi,0.00,0,0
2535f920-42fd-46ed-9b10-e92c2c7a1e45,EMP-0024,Priyantha Ekanayaka,0.00,0,0
aef411df-30bc-4dfb-bf22-12beb9be0815,EMP-0027,Tharindu Dushmantha,0.00,0,0
6b79ecc6-5678-49fa-8760-b1f02e2b16ca,EMP-0029,M A D Susantha Premanee,0.00,0,0
68b90d28-d367-4543-99e0-8b2f336e6bea,EMP-0030,Amira Rukshana,0.00,0,0
ce3e28be-9c9f-480e-96c6-7335e4c0f0c8,EMP-0031,Sajeewan Ekanayaka,0.00,0,0
b1178260-17d8-425f-986b-2912dff9a600,EMP-0032,Roshan Pradeep,26600.00,0,0
537f7f8b-f1d9-4426-99d1-a4c884c4d449,EMP-0034,Surath Lochna,0.00,0,0
9c9c38fa-6842-4efa-855b-a6a42afe9133,EMP-0035,W S J Perera,0.00,0,0
91a446ae-f02c-4898-b13b-83f8a072722f,EMP-0036,Yogendran Geethanjali,0.00,0,0
dca6f074-01d2-45b8-bb47-882d3dd1ce99,EMP-0038,M Seelawathi,0.00,0,0
79e516a8-642f-4c08-baaf-fe8ab9ef73f1,EMP-0039,Pramitha Dananjaya,0.00,0,0
5c3e1a4d-8335-4760-b7ec-aa604cc2b969,EMP-0040,Charith Samarasinghe,0.00,0,0
b06aab35-f9fa-49fe-bf74-aad950861e8e,EMP-0041,Sampath Werakoon,0.00,0,0
c1555e3a-12ee-4d92-9435-13041ed5418b,EMP-0042,Geethika Wijekoon,0.00,0,0
d525a51f-5c7e-440d-9994-1793246e8187,EMP-0043,S.Kalidasa,0.00,0,0
8ad00db7-f4d3-41ba-89f4-e5cd42c8d581,EMP-0044,Piumi Hansika Kumari,0.00,0,0
38b11bd2-4f7f-4fa8-9afb-46830ea43548,EMP-0046,Sunil Shantha,0.00,0,0
255e03bd-0ce7-413e-8f0f-8fbe5b900577,EMP-0048,Pasindu Madushanka,0.00,0,0
a34ff117-3ea8-4367-ad51-640be494a743,EMP-0049,K Rajan,0.00,0,0
02a1b703-78b9-4bf7-9c97-c82ba7987cbb,EMP-0053,Sukith Ranasingh,0.00,0,0
6fdfe2b7-2af0-42f9-97c3-adb5216b4553,EMP-0054,Roshini Sandeepa,0.00,0,0
9ebdb375-349c-448c-a989-fdb902fde126,EMP-0055,G.D.Tharindu,0.00,0,0
13e1c9c1-ab5f-4d02-ac07-e7630b690cb7,EMP-0056,Saman Sanjeewa,0.00,0,0
b2dcf57e-2acb-43a1-ba88-0a0275ff8ee7,EMP-0057,Nimesha Lakmini,0.00,0,0
1fac425d-b230-42e7-9fb6-73de95964d52,EMP-0058,Sherin Pious,0.00,0,0
263cade3-cd0a-472c-9360-186be3e9b241,EMP-0059,Gayan Gunathilaka,0.00,0,0
53b73c70-5257-4350-8d49-304c2da3f9c1,EMP-0060,Dilshan Lahiru,0.00,0,0
44f1aa08-3a53-49e3-b5d7-5e7135bad958,EMP-0062,Mangalika Rajapaksha,0.00,0,0
c8dc6a6c-3e11-4c64-9c50-181a275e3832,EMP-0063,Ayuwardhana,0.00,0,0
d1153b7e-297c-4613-852a-3da1563116ef,EMP-0065,M W G Kaushly,0.00,0,0
fbcaade9-c6a2-48ae-8f92-64774961fcbf,EMP-0066,Sujatha Idurangala,0.00,0,0
84127a98-4fc2-4c44-945c-878f018af209,EMP-0068,Nataraj Adithya,0.00,0,0
f8e6a3c4-03de-4e10-98cd-fb2d8c4b3226,EMP-0069,Dilshan Ariyawansa,0.00,0,0
1369b872-7b4b-4671-8188-6c5bf1d7f55a,EMP-0070,R A Dilshan Madushnka,0.00,0,0
89c7a7fd-1337-4b79-9e97-00f09d050a12,EMP-0071,W H Chamara Susantha Wijerathna,0.00,0,0
678663dc-50c4-4bc5-b6ff-e474527a7351,EMP-0072,Asarappulige Chithrani,0.00,0,0
d55d706d-0260-4b14-8322-83c1b75728fb,EMP-0073,Thinaraj,0.00,0,0
ec5061c5-7557-4bed-a48d-1b6379c33276,EMP-0074,K A Gunasingha,0.00,0,0
578479c4-28d4-4565-a4d1-a0604431855c,EMP-0075,Ajith Priyantha,0.00,0,0
e90e9154-f570-41e3-b1ab-ae667425efa8,EMP-0079,Ashen Sanura,0.00,0,0
8021b3f3-695f-4f89-87f2-e384f7984c3d,EMP-0080,Sanath Jayasinghe,0.00,0,0
26b717ec-9160-422a-ae93-ac86951f6292,EMP-0081,Anjel,16000.00,0,0
2205ac11-b2b1-459e-96e7-bc7f7e590c96,EMP-0082,Nilanthi Devika,0.00,0,0
3b341328-ccd4-4e51-adcc-19aae6b7051c,EMP-0083,H.M.Aruna Dilshan,46200.00,0,0
2c7a09ea-375b-4a6d-af59-5d6ef2db53b7,EMP-0084,A.A. Dimuthu Piyal,0.00,0,0
1ff697f0-947e-42fa-9fc4-30a45d81a8fc,EMP-0087,Suraj,0.00,0,0
d9e14bd5-c579-4789-a951-310c011120af,EMP-0089,A.G.S.Dinuka Hemajith,0.00,0,0
68bf0ed4-8641-438f-a9df-5caf68cd9c14,EMP-0094,Manju,0.00,0,0
e5259722-70a4-41fb-8902-9747587d112a,EMP-0095,Candrani,0.00,0,0
f6e5a732-9774-4a2d-9e22-280f01efb515,EMP-0097,Rajgopal Sathyawani,0.00,0,0
d0b544dd-8069-4df8-b8b9-59d59de8614b,EMP-0098,Kapila,0.00,0,0
d014f8a2-5240-4780-9775-a365e172861e,EMP-0099,Dushan Madushanka,0.00,0,0
dfd49d7f-34a7-4f7b-a3be-b7bc682039fc,EMP-0100,Renuka Ranjani,0.00,0,0
0cdb152a-8005-4f69-bb2b-c87825dbcb36,EMP-0101,Thisara  Ferdinando,0.00,0,0
7d4e7c2a-d68b-457d-bab2-3990b28248db,EMP-0102,Gihan Madushanka,0.00,0,0
0a838ac1-3f16-41ea-a2ca-43a85a7309b6,EMP-0104,Jayakumar Priyadarshani,0.00,0,0
47b23206-42db-445f-bf5f-17b4c7e79304,EMP-0107,Anoma,0.00,0,0
28890d90-f0e7-4eb3-bade-9b2d998500f2,EMP-0108,Shanthi Gamage,0.00,0,0
1d49ac95-3199-4c3e-b953-70997914865e,EMP-0109,Mallika Wadugedara,0.00,0,0
1a551b05-80a2-4f2a-b15b-331e44210b7d,EMP-0110,Avishka,0.00,0,0
347ac2be-4cbc-4fd4-bcc4-c991eb87f61f,EMP-0111,Jothi,0.00,0,0
6e76cc2d-c6e9-4965-a8bf-c41d0a214a4d,EMP-0112,Ashik,0.00,0,0
ff2e3305-c963-4be8-98a2-24b8dfe463f7,EMP-0113,Ruwan,0.00,0,0
8e518e5d-cd78-4429-97b5-73b2099e008e,EMP-0114,Saranga,0.00,0,0
ed77e090-e1a3-46c9-850a-25e7c7f05f01,EMP-0117,Manike,0.00,0,0
15a649ea-97a8-4fa6-babc-2a6774118e3c,EMP-0118,Pushpa,0.00,0,0
dacd86f3-f811-4924-968c-5888e5c5e122,EMP-0120,Wasantha Kumara,0.00,0,0
139065e2-93bf-453d-894e-a16a1165250d,EMP-0128,Ruwan Bandula,0.00,0,0
7937d78b-5b38-4855-b43b-cdbbe5d66312,EMP-0129,R Shanika Madumali,0.00,0,0
59753b4d-60d0-43e3-9bae-8c9953bbe032,EMP-0130,Rasika  Priyadarshani,0.00,0,0
b27b7320-ea5f-4729-b32b-042ed8ee9730,EMP-0131,Fathima Shamila,0.00,0,0
3bd7a822-f226-46e7-9da6-d4664327589b,EMP-0132,Wasantha Kumari,0.00,0,0
5b841ee3-fcd5-4e06-8ea0-81c296a627b0,EMP-0133,Ariyadasa,0.00,0,0
209f3daf-8849-4e3c-a938-0d4333ea60a5,EMP-0135,Kalyani Pushpakanthi,0.00,0,0
ac7ac61b-4562-4cef-92b7-840a0029c687,EMP-0136,Kumaradasa  Dissanayaka,49000.00,0,0
9bd3040e-7e7f-4eb9-8f73-a6196db13e62,EMP-0137,Mahinda Wijesooriya,0.00,0,0
e1f0a4a9-63b5-46c1-affc-5fa4650c31c7,EMP-0140,A.T.Nilantha,0.00,0,0
71637d7e-28b0-4a9d-896e-40f9b9ec13b2,EMP-0141,Pushpa Kumari,0.00,0,0
183c5713-f7fc-44a4-bcc9-d40b0f76428a,EMP-0142,Sajith Sampath,0.00,0,0
f3e9ab41-5c13-4b37-9b3e-2ff0d6817cc4,EMP-0145,Selvendiran,0.00,0,0
25b4a526-a3f4-41ee-bdfc-96ece2ac10b4,EMP-0146,Sisira Chandrasiri,0.00,0,0
26302431-fdc9-4d72-ac75-3e246845f498,EMP-0147,Surangha Wijerathna,0.00,0,0
730969ac-1978-45a3-a9fd-2d0143107d4a,EMP-0149,L A Prathibha Onali,0.00,0,0
41ed2b03-5ceb-4037-9b5c-3dadd978d322,EMP-0150,Danushka Sampath,0.00,0,0
241116e7-14c3-47ff-a55b-98f4de185938,EMP-0152,Mahesh Prasanna,0.00,0,0
6e1a5157-3fd9-4010-8d20-41c815a2c8b4,EMP-0153,Hansanee Sewwandi,0.00,0,0
a860937f-3bb5-4e54-bec1-4d0f6d2ace6e,EMP-0154,Nilminee Dilrukshi,0.00,0,0
0091c22d-663c-4fdd-9f57-ce07f5113c67,EMP-0155,D Saumya,0.00,0,0
725071c2-e148-4a1c-9e29-bb18f585c815,EMP-0156,Sarath Kulathunga,0.00,0,0
d2fff368-8d03-4038-8eb1-1bb0b06cfe5f,EMP-0157,Priyalal Pushpakumara,0.00,0,0
ffdfed6c-a26e-4552-9445-245538fdfcfb,EMP-0158,Mohomad Firdaus,16500.00,0,0
ca5edbea-8b12-4c31-8fa9-7b3161f6e25d,EMP-0159,Asanka Dilina,0.00,0,0
cde85285-5c9f-454b-8f23-2f187f5fabad,EMP-0160,K R Ariyalatha,0.00,0,0
a6821b77-48f4-4f68-a785-ad0e176ca7be,EMP-0163,Piyumi Wathsala,0.00,0,0
a50edc41-5c75-4894-bfd7-e84d79bf932e,EMP-0165,Abhisheka Udahiruni,0.00,0,0
fb5ec222-b647-4523-a958-ce8aa6d62ba2,EMP-0166,W.D.Karunarathna,0.00,0,0
8ae80f20-9670-4c87-8c56-8fd50a1b246b,EMP-0168,Ashoka Sewwandi,0.00,0,0
0a30888f-c1dc-43cf-9d88-8c7d906b72c9,EMP-0169,Thusitha Weerasinghe,0.00,0,0
008a1eb8-632a-407e-8262-4248f1ce2676,EMP-0171,B.G.Wasantha Kumari,0.00,0,0
0b912e93-696a-477f-934e-0992e8c18c69,EMP-0172,G.Indrani,0.00,0,0
d885c8ea-5222-4383-bfba-bdd0cda6ef94,EMP-0173,W.Lasanthi Kumari,0.00,0,0
d69fb82c-08e4-4ad9-86a9-fc4bc25db0fd,EMP-0174,A.S.A.Nishani Indika,0.00,0,0
05c9eb82-629c-4db7-8e89-5cdf5a51d5c3,EMP-0177,Mohombath Fayaz,0.00,0,0
973a8284-162f-494a-b419-7a8e54a8ad58,EMP-0178,A.H.Chandrasena,0.00,0,0
8e17d2e2-468d-4e91-9c73-e68657c4d8cb,EMP-0181,Sunethra Geethangani,0.00,0,0
3f55885d-6b71-42c5-ba74-238844a24d9b,EMP-0183,G.Shanthi Pathmalatha,0.00,0,0
28a0731a-02b6-4fb3-ac6d-3bb5ab72c2b3,EMP-0184,B.M.R.Malani,0.00,0,0
44fe95f9-7557-4a39-8f86-4cae0f329563,EMP-0185,H.M.K. Manike,0.00,0,0
612edb0d-9774-4e58-a47f-3ee80a14827b,EMP-0186,R.S.Rajapaksha,0.00,0,0
43cfe4ac-8eb0-4d7d-b97c-9599cdbbcf9f,EMP-0187,K.M.Thanuja,0.00,0,0
1c1e7eae-5ec3-41b9-b53e-ae4750fccc09,EMP-0190,M.Mahesh Kumara,0.00,0,0
2613ee50-5ee4-42a0-a450-016e17e93148,EMP-0191,R.D.Bandu Lalith,0.00,0,0
a41ec0b3-8df6-4ac5-95b4-9b56824b6f8d,EMP-0193,Sugath Sanjeewa,0.00,0,0
2b52ce8e-6da6-4338-b254-859e64bf777e,EMP-0196,H.P.D.Anura,0.00,0,0
71e52bd2-0fff-4e68-98de-44655b5d14e5,EMP-0197,K.Thayagaraja,0.00,0,0
159dcc14-9110-46ed-82a4-f5bbc774677a,EMP-0198,I.P.Bandara,0.00,0,0
7214afe3-053c-48ce-a168-333b75933d99,EMP-0199,D.D.P.Milroy,0.00,0,0
c93295f6-edac-4b9d-9620-9d111b0653fc,EMP-0200,R.M.Asanka,0.00,0,0
7f7478e3-193e-4f54-8c84-66cc95885231,EMP-0201,Rishan Asela,0.00,0,0
9aec26d0-e3ef-4baf-bc3b-bf61e36d65c5,EMP-0202,J.D.Shantha,0.00,0,0
678400d6-6bfa-4ec3-a105-ddc1bfe857f2,EMP-0203,K.M.Sandamali,0.00,0,0
4cb95a0d-6a0d-4569-9988-7468d3c4a807,EMP-0205,Justin,0.00,0,0
99536915-ca68-4e79-a162-0517e47d703d,EMP-0208,S.Abarna,0.00,0,0
638ed26c-6b2e-4929-b3f0-a258883f62e5,EMP-0210,H.G.Chaminda,39600.00,0,0
77028057-acd4-4cdd-ae78-b9ed3b7ec22e,EMP-0211,B D N Dilshan,0.00,0,0
3e8a1ff2-173a-4fdf-a5e7-28d72d0ef311,EMP-0212,Shamalee Seram,0.00,0,0
710cb17d-33eb-44c6-b6dc-a0210ac53d02,EMP-0213,Nuwani Tharushika,0.00,0,0
85cb8138-2909-4bae-819b-4c11e36cbbca,EMP-0214,G H Ishan,0.00,0,0
e0fc879c-2242-4db2-8982-7bf62c99dbe6,EMP-0215,Shreemal Chandana,0.00,0,0
74b4d359-30ab-47b2-a39a-1a6e9372a769,EMP-0216,Anura Kumara,0.00,0,0
a8a7da3c-3093-4b84-a9b7-4afd6d84997d,EMP-0217,R P C Pushpakumara,0.00,0,0
9a9bf009-2df1-4422-9c56-5f80dd6d7444,EMP-0218,R M S Manike,0.00,0,0
34a22c5e-e50d-4832-8f95-f6092038f5e1,EMP-0219,B K Janaka Wasantha,0.00,0,0
1db38cab-629b-4a79-8183-bc7a10e68262,EMP-0220,W M Uthpala,0.00,0,0
c0f5d043-9818-4dc5-8317-e36bee6a283d,EMP-0222,D W Chanuka Arjun,0.00,0,0
8eb8417f-c5c6-4fd8-8d60-513329d79e6a,EMP-0223,Y M Imodya,0.00,0,0
60101fe4-e9e1-48ac-bae3-7d3fa8599b4e,EMP-0224,M G Jayanath Kithsiri,0.00,0,0
767deebc-bc16-4882-84d5-7c6a34e0128b,EMP-0225,I Udena Ruwan Kumara,0.00,0,0
86704ddb-fe17-4166-bb04-35af7a86cfb6,EMP-0226,H Chandrawathi,0.00,0,0
b4d4ede6-9ffa-404e-ae67-74070bb7f691,EMP-0227,B Indika Ranga,0.00,0,0
f81f3dbb-f3ef-42f0-86eb-71d5c9f0cb68,EMP-0228,K G A Yasawathi,0.00,0,0
185c739f-d1ae-45ef-b593-cf92f8471c5f,EMP-0229,W Nanda Wijerathna,0.00,0,0
956e6e30-9763-44a4-abf3-5e9688f2d737,EMP-0230,D H G Chamila,0.00,0,0
fa4040cc-08e0-47d5-a1ab-5e9ea4b118e5,EMP-0231,M A Chandana,0.00,0,0
3858f91d-fc25-4603-a405-10da2e49015c,EMP-0232,N P Manjula,0.00,0,0
dd47f3e5-5f34-40c0-8eb5-96630814ae9c,EMP-0233,S Rajeev Ghandi,0.00,0,0
bddfd7af-9f20-41b9-90e5-85437e3d0526,EMP-0234,S Pushpanadan,0.00,0,0
4383d075-4dfd-43bc-a182-ac7ff92535c3,EMP-0235,R M Kavindu,0.00,0,0
27c5bf82-f425-4729-90f9-4fefc253f763,EMP-0236,H C Prabhath,0.00,0,0
b97fd060-04b0-499a-a8af-353ada7c926e,EMP-0237,Ibrahim Ashraf,0.00,0,0
266ea806-1cb2-413e-9f36-0beb75d19344,EMP-0238,T M Supun,0.00,0,0
315cfef0-c9ac-44fe-9739-83410e45befa,EMP-0239,Kamal Champika,0.00,0,0
60f518d9-01bd-4135-bd3b-15a020cde7cb,EMP-0241,Shantha Kumara,0.00,0,0
984fffc7-6314-40c1-bf0d-33b49bfd750d,EMP-0243,S M Nandawathi,0.00,0,0
14ca91af-6dc6-426b-a443-77f711ff1950,EMP-0244,K Inoka,0.00,0,0
1e4bc3cf-5c27-43c8-a211-0e6d98254ce1,EMP-0245,W W Vinoj,0.00,0,0
a172e228-a0bc-41b8-a0c5-1ce2dc339b75,EMP-0246,K Chandralatha,0.00,0,0
137cac6c-c0db-446e-a4ce-e4f2ba1406fa,EMP-0248,P H Ajith Kumara,0.00,0,0
9fbcd046-af32-42dd-ba63-5af476e963ac,EMP-0249,Chithrani Gunarathna,0.00,0,0
461f0fa0-bb14-48cf-8a6f-e8f94c989c4a,EMP-0251,Isuru Dananjaya,0.00,0,0
2dd71c10-95cd-450a-b865-d7d6a11110af,EMP-0252,H G Rasika Geethanjali,0.00,0,0
99d3d8e4-40ea-4d70-875f-6c476466e71f,EMP-0253,M A Harshana,0.00,0,0
dae75ec7-d8b8-4b3c-9659-e3d11822a1e8,EMP-0254,N K N Dilrukshi,0.00,0,0
0ebfe6f0-db24-40e2-8e0a-d3470d7783a4,EMP-0255,R Amithamallika,0.00,0,0
cde5b4d8-41c3-4626-824a-8fcbdde22c7d,EMP-0256,Kumari Senivirathne,0.00,0,0
c2e31d33-46c3-4304-9ac7-e175a0aa1860,EMP-0257,K G Nilmini Kumari,0.00,0,0
6a7329d7-5be8-4cc5-9304-696123f7f96c,EMP-0258,Kumudu Liyanage,0.00,0,0
b7b6c63a-6e3d-45f5-a42c-cba5a6f49764,EMP-0259,T G Randi Priyanka,0.00,0,0
e9a7ac3c-ea66-45dc-8259-5bd7b961d89a,EMP-0260,T Dewendra Kumar,0.00,0,0
4aab6e57-be38-4b96-aabf-dd5410e64e0e,EMP-0261,M Vikneshwaran,0.00,0,0
d0e7943a-476b-4cfb-8bcf-3ddf851d35b5,EMP-0262,K D Thushara Madushan,0.00,0,0
60ae1070-e0a5-4c69-86e0-e7e8ed63a5b7,EMP-0263,A J Dayana Mary,0.00,0,0
dd8906ef-f7db-47ef-80e1-336e08de99fc,EMP-0264,Rosa Villiyam,0.00,0,0
5b1ca036-3ece-4eaa-8b87-b75e00d7d3f8,EMP-0265,K A Siriyakanthi,0.00,0,0
be40dd04-f219-4980-ab9d-94fb612b3e7e,EMP-0266,T M Rasintha Kumara,0.00,0,0
02bb567e-1595-42da-964b-cbf246e40d9f,EMP-0267,Rasika Damayanthi,0.00,0,0
188735b7-a8e6-430c-8d7a-e171f0ef15bf,EMP-0268,W K D Sriyanjani,0.00,0,0
6de1f7ce-1f77-4da5-a107-078d72f22a9f,EMP-0269,B R Hemantha,0.00,0,0
29b515ff-4889-461c-920b-dc1b4b7e8e17,EMP-0270,W R M Nandawathi,0.00,0,0
05823023-19a5-47fb-b3fa-5eb9eeb91acb,EMP-0272,M A Amala Kumari,0.00,0,0
64d97856-5285-4ca5-8629-6cc09deff632,EMP-0273,M A Anil Ranaweera,0.00,0,0
6d9e9f9e-9956-4431-9398-8be97bb8934e,EMP-0276,M D C Rukshan,0.00,0,0
5d2dbbbc-c0c7-4238-8b18-2f6de06d4dff,EMP-0278,S A C Malkanthi,0.00,0,0
55858bab-8443-4a2d-a768-db9e955f8a71,EMP-0279,K Deepa,0.00,0,0
cb11dfbc-c871-4cb7-9ee9-3763ad3d81d4,EMP-0281,P A Sandya Kumari,0.00,0,0
2198a4bd-2080-4ea6-9109-0c33871fca2e,EMP-0282,M T Nilaam,0.00,0,0
866e4520-dece-411d-9b83-e6821ced1f68,EMP-0283,Lasitha Anurudda,0.00,0,0
f56a77c9-9420-4df5-a17d-ac3f2af5fe19,EMP-0287,B A Shriyani,0.00,0,0
38c66f81-6da4-4bcb-99ab-d668e3dd8a86,EMP-0290,H C S Jayalath,0.00,0,0
be65eb90-9a81-4cea-b407-339e1723df25,EMP-0291,Anusha Chathurangani,0.00,0,0
ee31cd7b-269c-48ac-8bdf-c93d6fed2b12,EMP-0292,Irangani Jayasekara,0.00,0,0
6c9a205d-67cc-4600-8e21-b8f7b2722a35,EMP-0293,Chamila Kumar,0.00,0,0
af48766a-a10a-45f7-8b0d-4387b827a7c7,EMP-0294,S Sunanda,0.00,0,0
3d6f383b-3065-4680-b3fe-7bca28edff50,EMP-0296,W G Samanthika,0.00,0,0
1c45f190-e6d7-464f-821a-f1abcaae79da,EMP-0297,M G Nipun Nishara,0.00,0,0
d0f9f045-4374-4e3c-bc5c-52c6e7701c3e,EMP-0298,H M Nilmini,0.00,0,0
650a9ccf-9448-4443-81c3-5685f67a813d,EMP-0299,L J Nilantha Perera,0.00,0,0
78f60dc6-d206-4051-844b-828d04fdb7a7,EMP-0300,S P Priyadarshani,42000.00,0,0
3726e241-75bf-41a8-a213-237a9ee08694,EMP-0301,B M Vijitha Basnayake,0.00,0,0
218bae12-44e1-442b-8b31-f59297634bdb,EMP-0302,I G Harshani,0.00,0,0
a9e09fb6-0cb1-4fd1-b1ee-227bcae22b4d,EMP-0303,L L Mandika Kumara,0.00,0,0
10b517a1-9acc-4395-9452-df8b7257c8b2,EMP-0304,G G Nalaka,0.00,0,0
fc3bc84c-a55f-4e64-af3d-fc8e8e4f5852,EMP-0305,M G D Swarna,0.00,0,0
2556720d-3002-4c82-be55-7953f03ec942,EMP-0306,Kamal Kanthan,0.00,0,0
4ee0c043-d17d-4e14-af2c-8bf0076c334b,EMP-0307,C Q S R Fernando,0.00,0,0
81f36229-1ec2-4b0b-8759-641a16814abd,EMP-0308,R M C Dulanjana,0.00,0,0
de88be33-e60b-462a-9223-59d667a22a1e,EMP-0309,B R Kumuduni,0.00,0,0
ce6571c2-d7ed-43c4-97b2-17f48610d115,EMP-0310,D G S Subhashini,0.00,0,0
1857c8a9-ca3f-44a9-898b-09d44e9216ff,EMP-0311,P A Dileepa Sandaruwan,0.00,0,0
90f1828f-be67-4f3d-bfb0-8b16cd536eb4,EMP-0312,K D Sandya Kumari,0.00,0,0
74bae971-1750-4ce0-9a72-0b9b2777cf9f,EMP-0313,W A K Chamod,0.00,0,0
83c4a4bf-bdde-4e0f-a5d3-36a27acbcea0,EMP-0314,K K Lalith Sugathadasa,0.00,0,0
a7d2a598-4802-4d9a-a1e7-a69b1c3bbd42,EMP-0315,Sena Jayathilake,0.00,0,0
f129dc9b-866a-4a63-960f-29510281c4fc,EMP-0317,T Vinojani,0.00,0,0
f8b9edb8-c732-422c-bf1b-1eeace7f40a4,EMP-0318,K B Udeni Prasanthika,0.00,0,0
3d52ce6c-b39c-40c3-96ff-e80697432167,EMP-0319,S A D Ranjan,0.00,0,0
a18590f7-785b-44a5-b4a1-75ff3dee955b,EMP-0320,Pramodi,0.00,0,0
76b8d516-263c-4d75-84ca-d7ea6400c716,EMP-0321,G Chandana Nishantha,0.00,0,0
67765b7e-76de-4f83-825a-3e0332fd46f5,EMP-0322,Mapa Sumanawathi,0.00,0,0
2b474b36-ca88-4e19-8119-c7a407737032,EMP-0323,A Viraj Ruwantha,0.00,0,0
67e77ca3-a9e8-4e77-b3ef-6d75c5b1c2fb,EMP-0324,J P Maduka Viraj,0.00,0,0
a63f197a-1c22-41a5-9a00-ba69e53232c6,EMP-0325,Suranjan Villiam,0.00,0,0
9cf94692-8bad-4719-b18d-2baa201a413e,EMP-0326,P P Somalatha,0.00,0,0
e61bc8b2-dca6-4bb0-b39f-b46aaa41b934,EMP-0327,K T D U Suranga,0.00,0,0
5338fad4-1140-4df0-a21d-9bf5503d103a,EMP-0328,K G Champika,0.00,0,0
b88aa501-7c03-4e70-8228-f70f83aeb20d,EMP-0329,R Chathurangi,0.00,0,0
1512b454-2aca-4670-beaf-9f9458f1b123,EMP-0330,D M Rangi Kaushalya,0.00,0,0
906673d8-8df0-4257-a8cc-a2c938118b2c,EMP-0331,L Nirmala,0.00,0,0
9e0b6415-b15b-4ce4-b046-49953702fed6,EMP-0332,P P Ananda,0.00,0,0
017a01f5-20c0-4e28-a8d2-78424b54e385,EMP-0333,G L Swarna,0.00,0,0
dfdb8d1c-46f1-41ea-83f5-bedecc442c9c,EMP-0334,M G Uparnika Jayakodi,0.00,0,0
f6708811-f081-41e6-b5b6-f99e63c6c32c,EMP-0335,N H Asha,0.00,0,0
1f71f24c-c623-444c-8181-1533444c26b0,EMP-0336,G Ishani Maduwanthi,0.00,0,0
13649aaf-e9d2-4d2b-b8a9-1383f5f9bf8a,EMP-0337,K Nipuni,0.00,0,0
f093bb4a-d957-4087-b4e8-e75567161656,EMP-0338,P A V Madushan,0.00,0,0
a31968aa-2516-4bde-ac0f-bbb2cca1daf7,EMP-0339,Luxman Malinda,0.00,0,0
d9f3078d-d905-48d1-852f-23b1e3fd67c6,EMP-0340,Sumudu Kumari,0.00,0,0
3adb04e0-7a5a-4c80-9a62-1dc1c33bc280,EMP-0341,R G Kasun,0.00,0,0
62904a30-a1d5-4575-b828-ed80308955e8,EMP-0342,S Dilani Nirupika,0.00,0,0
6a35a038-8464-4c22-b425-45d0630c6bf5,EMP-0343,Minasha Purnima,0.00,0,0
a2226c98-20c7-4264-b097-27d542ae7ce2,EMP-0344,D N Pushpa De Silva,0.00,0,0
a91ba8d2-5c53-49df-bb9c-dd2cf151d136,EMP-0345,Pradeepa Chandani,0.00,0,0
69f3ebcc-0a01-4fe7-8dee-40150a96c823,EMP-0346,T M Pradeep,0.00,0,0
d807ae3b-b98c-4352-826e-d61f838115e1,EMP-0347,G Hariharani,0.00,0,0
0c5aead2-7985-4e8b-b15b-aceebd422583,EMP-0348,Sarath Nandasiri,0.00,0,0
4215ae2a-3251-42e1-bde8-7f4e59041584,EMP-0349,K L Prabhath,0.00,0,0
170da96f-fc63-4fe0-9cab-0dbaa8a54157,EMP-0350,H W Anusha Nilmini,0.00,0,0
94b8343f-7ae6-42e8-8898-17c3cc306f34,EMP-0351,D A R Gayani,0.00,0,0
30e8aeed-f031-4772-abec-5186f2b42bd9,EMP-0352,Surani Sandya Kumari,0.00,0,0
36fe5bbf-d348-446e-b398-6c19a02af371,EMP-0353,D D Praneetha,0.00,0,0
428f9678-7709-47cb-850f-d7d3af97cffe,EMP-0354,Nadeesha Chamani,0.00,0,0
2ebb6af6-4fe6-4ebe-a2e5-2935d89b9c30,EMP-0355,Amila Suranjith,0.00,0,0
ae2a1c2b-7f29-4ef9-b5f6-b8217ab9881f,EMP-0356,S Wasantha Kumara,0.00,0,0
ecc2853d-f9a5-489b-b123-e593d6ed7d82,EMP-0357,W S De Silva,0.00,0,0
429fc92a-1fa4-4377-82ea-c13acf5b1907,EMP-0358,Inoka Sanjeewani,0.00,0,0
a07b2d77-c2f2-461c-9a30-5eb920d25dbb,EMP-0359,M Renuka,0.00,0,0
460c5824-e6cb-441e-9b2e-02d4e41dade8,EMP-0360,Niluka Wijesinghe,0.00,0,0
bfaf7623-537c-433c-8dbc-f45e1bc13d29,EMP-0361,M T Damayanthi,0.00,0,0
40251d6b-381b-41c9-9ad7-5f5b3a342097,EMP-0362,Renuka Damayanthi,0.00,0,0
b1486110-56cb-4f86-8bc2-21ee6018d17c,EMP-0363,R M Gayani Hansika,0.00,0,0
84c44770-689a-410d-806f-f834e2001dfa,EMP-0364,B A Wishwa Kumara,0.00,0,0
0229cb64-4dfc-4151-aa37-c9d59e0613bb,EMP-0365,W R Harshani Priyangika,0.00,0,0
84cb49a1-6aa6-4b7e-a3fe-7af3eaffaa79,EMP-0366,T Sathyaraj,0.00,0,0
329cdf0f-92e3-464b-9f8d-4ec7a5f8201a,EMP-0367,V Rasidaran,0.00,0,0
5a431bd9-661b-4254-9173-fa20df8b249e,EMP-0368,H M A G Dilki Ekanayake,0.00,0,0
f5f06464-01a9-4f57-b609-40f67248bfec,EMP-0369,K K Sumith Ashoka,0.00,0,0
6f679a66-d825-4c62-b6e9-a3215807ee82,EMP-0370,Pradeep Priyankara,0.00,0,0
0926a27b-5e18-46a1-a75b-915bc7fcb168,EMP-0371,Sujith Sanjeewa,0.00,0,0
7dd72cc3-ce5b-460f-9ee1-7789fe7396f0,EMP-0372,D M Sunil,0.00,0,0
915f3e14-c5c3-47f1-b800-27a91483c8c0,EMP-0373,I Ramani Perera,0.00,0,0
49420776-6c5f-49c7-ad6f-561fc76c9562,EMP-0374,M Ganesh Kumar,0.00,0,0
edc635d0-493e-4c46-aa87-48138b5afa52,EMP-0376,Jagath Prasanna,0.00,0,0
26cb64c0-ede2-4c23-a3d5-8a22686c9753,EMP-0377,B A Disna Kanthi,0.00,0,0
5aaeed01-60aa-472d-bbe8-077ed55ae76b,EMP-0378,K Wanitha,0.00,0,0
09b1d024-b3c4-4bf4-bd4b-099e74d517a5,EMP-0379,G Manori,0.00,0,0
eb4c642a-bbc8-4963-9f6e-f198e5d68325,EMP-0380,W C Priyadarshani,0.00,0,0
8e46dad7-95e8-4acf-9a4f-80701c129c14,EMP-0381,P Yadursitha,0.00,0,0
6bf41f5f-08a6-48d0-bd8b-60202f7532f5,EMP-0382,R Mahesh Rishantha,0.00,0,0
ff11501d-9126-4708-a86a-c03c3fa1f1d2,EMP-0384,Amila Uddeepa,0.00,0,0
b167eb98-e84d-4baf-b215-4e99077b63c1,EMP-0385,T M Dinushika,0.00,0,0
6e2382ee-1694-4911-a0c5-2ff019212830,EMP-0386,Hemakanthi,0.00,0,0
edbbcae8-bbc6-4c84-a816-8b7eed5f7e6d,EMP-0387,Leela Kuruppu,0.00,0,0
9f9a97de-dce6-40c8-89e1-cfd8fead96f6,EMP-0388,R A Nalani Sujatha,0.00,0,0
edea826e-fc96-4dd0-b8f0-1fef1b9f38a0,EMP-0389,D Nilmini Chandrika,0.00,0,0
68e5ee02-0aa2-4405-b1f7-6ac7f4ee221f,EMP-0390,Priyantha Saman Kumara,0.00,0,0
7de4282b-1b7c-4123-9788-fb06cc8d5920,EMP-0391,P A P Vineetha Perera,0.00,0,0
c587b8d6-90bb-4241-9dbc-4af8bb7f3c09,EMP-0392,J M Priyanka Madushani,0.00,0,0
650e4681-792f-478f-a4f2-6336dfa0857f,EMP-0394,H M Upali,0.00,0,0
5d8ee47d-145d-41b8-a068-c6e40b08f70f,EMP-0395,W A Suneetha,0.00,0,0
8940bebd-430d-49f7-948e-81c28c52cef8,EMP-0396,R P Hashini,0.00,0,0
48d3da39-0b57-4f11-8e91-4589810bcc75,EMP-0397,H A Kumari,0.00,0,0
7891a094-d064-4db6-899d-53854b34d6df,EMP-0398,A Nilantha Premalal,0.00,0,0
e32c7260-f631-4d2b-aead-f0586479e7aa,EMP-0399,M M Roshani Manohari,0.00,0,0
b8251448-03e7-45d7-8ea7-1f6316a57776,EMP-0400,K A Swarnalatha,0.00,0,0
b87141df-981c-4963-8a50-7c751c147d2c,EMP-0401,A A Udayanga Lakmal,0.00,0,0
8c5d13f6-d5d3-4c38-9aa6-97bdf7f8f1de,EMP-0402,B D S S Pieris,0.00,0,0
4dc7bf8b-33b1-4b2f-b461-df9351957dff,EMP-0403,N Dilanka Pabalu,0.00,0,0
1e31bd91-be4b-46b8-82bf-a3c880a75f11,EMP-0404,Lankathilake,0.00,0,0
1812c6dc-7ffa-4665-8348-ea6c79e43397,EMP-0405,D C Kumara,0.00,0,0
94350d33-d061-4f9e-8bef-169719e92ebc,EMP-0406,D A Premasiri Nimal,0.00,0,0
1913ae16-2014-4269-806e-f52b50458d23,EMP-0407,R M Chathuri,0.00,0,0
39c87bed-942d-49a3-999b-fc7d4cf2646c,EMP-0408,R M Sunethra,0.00,0,0
cca3197f-8b69-4318-a781-453ddd63137e,EMP-0409,A W G Chaminda,0.00,0,0
f5d8fe86-d396-4892-b2c5-d6768f435340,EMP-0410,B Wijerathna,0.00,0,0
5dec87c3-860e-41dd-8ee9-0bb1b9b1bdc7,EMP-0411,P Nilaveni,0.00,0,0
fd15120c-3c3f-4786-a57b-12772326b7a4,EMP-0412,B D Kushan Chanaka,0.00,0,0
61d6c3b8-03a5-4245-8715-20c6a2425117,EMP-0413,H K Sumanawathi,0.00,0,0
467b38aa-5356-4c35-ab00-e3f6376a9cbd,EMP-0414,B A S Mangalika,0.00,0,0
b9c44158-6bcd-4ab2-8612-132ee4f7e712,EMP-0415,N A Ariyawathi,0.00,0,0
329a6a40-2f3b-4db1-9903-0e41029ff5db,EMP-0416,P K Sarath Jayalath,0.00,0,0
83fcdd22-6f71-4ca8-b866-31cf1126b3c0,EMP-0417,J W Sanjeewa,0.00,0,0
b06fe776-675f-47db-8d8b-bc7d5fc460ab,EMP-0418,R Ravindra  Bhashika,0.00,0,0
04958f9a-c55b-456c-80ad-da8f82831c49,EMP-0419,W W O O Sandamali,0.00,0,0
7cc3e828-f42b-473f-9475-d5ed5ef00f3a,EMP-0420,R P Hiruni Malsha,0.00,0,0
4725d44e-583f-42de-9787-b8c13300c21c,EMP-0422,W D Sumithra,0.00,0,0
324767b3-d015-45b7-b086-200d4ff10a4a,EMP-0423,K H Sajith Ruwan,0.00,0,0
987a0eef-8ff5-46d5-8824-7b0ccfaf1d1d,EMP-0424,Prasanna,0.00,0,0
589289b1-7d89-48e0-b7eb-f3bbc62187ac,EMP-0425,P K Jayarathne,0.00,0,0
b23e386b-d3b4-49be-8873-707cc384ac99,EMP-0426,B K Shriyani Vipula,0.00,0,0
217fa4e4-47bd-4d41-8be0-c72340a6ecd6,EMP-0427,S Wijekumar,0.00,0,0
3b41743e-0364-4362-a38a-778f38d2c522,EMP-0428,W P Nissanka Kumara,0.00,0,0
97871c8a-c275-48c2-b3c0-649ed4cf4c23,EMP-0429,W B Ghanawathi,0.00,0,0
32054631-dd4a-4ddb-9dd2-3e6bc1c95d93,EMP-0430,W A Sarath,0.00,0,0
182e43ba-2b0c-4f3d-9f99-72984f014f03,EMP-0431,S Gunaseelan,0.00,0,0
1ed41c89-4d8d-4799-a72f-05cd17050951,EMP-0432,D D Sumith,0.00,0,0
d0a75892-55a1-42d7-9439-3499d8dd2699,EMP-0434,K Rajendran,0.00,0,0
0115b4a8-45b6-4543-ac96-19be35a9bbe0,EMP-0435,G R Priyadarshani,0.00,0,0
1e2a3e71-a540-4fec-9d69-1323cc3829c2,EMP-0436,A C Samanthi,0.00,0,0
e839aeeb-844d-427c-8429-432483562c98,EMP-0437,D M Ashoka Roshini,0.00,0,0
2d46be33-e771-40ab-8bb2-3b93e9c2edc5,EMP-0438,W R Wijithamallika,0.00,0,0
7624460a-6b07-45cf-960e-e40e622b913a,EMP-0439,Jinnah Meheruban,0.00,0,0
3288b773-11c8-4c12-83f6-63213a114f1d,EMP-0440,R M Harsha Weerarathne,0.00,0,0
e647cb6c-7699-44db-b1af-89bf9312b6ae,EMP-0441,V Sudarshini,0.00,0,0
6751e96b-5da8-4ec3-8edb-47094d5b42e8,EMP-0442,P M Anulawathi,0.00,0,0
e64e6c0a-662a-4416-8d26-2d3b74bf17d2,EMP-0443,D B Priyadarshana,0.00,0,0
4a33a1ed-2763-49e9-a48b-5c0686128735,EMP-0444,K Niranjala Devi,0.00,0,0
ddb24894-e8dd-413a-b8cc-e788cfd9ddce,EMP-0445,I D Chintha Kumari,0.00,0,0
99686e01-5714-478a-9da0-f9ce444ef6b0,EMP-0446,R A Shiromi,0.00,0,0
66e942d8-0b0b-4de0-91af-91a55eaebab2,EMP-0447,E M Priyanka Sanjeewani,0.00,0,0
521e6628-9740-4337-8a3d-2dcc1cb02bf6,EMP-0450,M M Amarawathi,0.00,0,0
43f8e86a-ccaf-44fa-ba0b-459dea806091,EMP-0451,H M Sampath,0.00,0,0
2a0569eb-a9c9-4ee7-ba21-3b6f3a14e96e,EMP-0452,H M Sunanda Herath,0.00,0,0
4372aa4e-8e5e-46dd-a4f5-dbd25f535167,EMP-0453,Gamage Karunawathi,0.00,0,0
f2659c48-82aa-446d-ad91-65be5200f57f,EMP-0454,Filishiya Sebasthian,0.00,0,0
1601ffea-23cd-435e-a5f4-68d7257b4ce2,EMP-0455,D S Hewage Mallika,0.00,0,0
adccad61-61e9-433b-9253-4ec8b662f235,EMP-0456,Y Sadun Luxman,0.00,0,0
19bb0618-c3d2-4dda-b240-c4e10901960e,EMP-0457,P R Achini Dilrukshi,0.00,0,0
4460f60d-6379-45ed-8931-977341459903,EMP-0458,P A Chamila Samanmalee,0.00,0,0
04060cff-763f-4c54-b587-50fc34c6ba4b,EMP-0459,Kasthuri Nishani,0.00,0,0
94a833ac-5193-43d0-a17c-46e7130e72c6,EMP-0460,Ramaiya Wishwanadan,0.00,0,0
c9bc24c5-e8e7-4cf2-9b3c-98d76eacbbb8,EMP-0461,A M Supun Udara,0.00,0,0
f86ce8bb-e8a5-4085-b261-cb912acc1735,EMP-0462,A K Siyal Idunil,0.00,0,0
046606f8-2c25-4b8d-af0a-533806bf115c,EMP-0463,M S M Shiwa Kumar,0.00,0,0
55eae55b-e81d-4ebf-bc7c-cf4b00f72e7e,EMP-0464,K Nihal Wijerathna,0.00,0,0
bcd120cc-c72e-4a20-b3b3-17098111ea77,EMP-0467,H D Hemathilaka,0.00,0,0
88c21223-68f7-47d2-b1f1-775eb2a6ccc3,EMP-0468,R M Damayanthi,0.00,0,0
127fe59d-f01b-418e-9950-a880763924a3,EMP-0469,S J M Suseema,0.00,0,0
70af7adf-9689-4a3c-8c63-c5db966edb1a,EMP-0470,J Anthoney,0.00,0,0
b95c7117-6176-4316-a217-463fbf0bb29d,EMP-0471,Raja Rajakrisnan,0.00,0,0
dc96e883-d7f2-46b6-aaba-df3301ed25c1,EMP-0472,Weerasinghege Wijekumara,0.00,0,0
686da1e3-67fe-4a0c-a122-b239b443da49,EMP-0473,W M Rasika Prasad,0.00,0,0
6580bbf5-5714-40f6-aa09-9afeabbef469,EMP-0474,D I Niroshan,0.00,0,0
ffc50482-aebf-4265-8f0d-2a22821df3a7,EMP-0475,A M Priyanka Sujeewani,0.00,0,0
0fd7a7ac-4615-494a-b084-582973ff4110,EMP-0476,A M Sriyani Wathsala,0.00,0,0
f41137e9-3ed2-4c62-9173-89aeea562f7b,EMP-0477,J A Nandanee,0.00,0,0
94dc9a84-f1b7-4e96-aed1-7fdfd4113cf6,EMP-0478,M Sumith Manjula,0.00,0,0
0616b4b5-df83-4570-bae7-c72204a735f1,EMP-0480,I Samaeera Ruwan,0.00,0,0
c21d7477-5425-4ab2-bf75-9cae8a5653cc,EMP-0481,N P Kumara,0.00,0,0
0b9f5dce-7863-480e-b711-07ddd35f8b8f,EMP-0482,Chaminda Nandalal,0.00,0,0
cac6e80b-bda9-443c-9a19-60bd2739bb38,EMP-0483,Imesha Lakmali,0.00,0,0
a03a201e-5429-4948-ace6-bbbbd379c970,EMP-0485,H M Priyanka Ranjani,0.00,0,0
381e2ea4-6ed7-4d2a-af8d-9aa8aec70045,EMP-0486,S M  Malidu Dinendra,0.00,0,0
6d1f2b21-8156-4e60-a40b-421bc003b072,EMP-0487,Sudantha,0.00,0,0
16abedfe-d1fb-4aa6-8f78-1cc1939dd516,EMP-0488,Palanimuttu Pramila,0.00,0,0
f6dc600f-96dd-4901-8980-02240fd7d84a,EMP-0490,H M Nandana Ruwan,0.00,0,0
18318baf-3f41-403b-a63c-fa001ee81fab,EMP-0492,W G Hasan Subashana,0.00,0,0
3af1223b-c1ef-41c5-9ce8-b17fa4a7afb3,EMP-0493,J A D Jayani Wasaana,0.00,0,0
64645bd2-518a-47de-a79c-3ab7ab3098f8,EMP-0494,Nadaraja Mebal Meri,0.00,0,0
2e3445c6-f21f-407d-a088-9d622d85407c,EMP-0495,H M Kanthi Kulathunga,0.00,0,0
fcc2e0d9-9dc9-4b30-85f6-1f19718cb435,EMP-0502,Ishara Devindi,0.00,0,0
68eb423e-21e0-472b-a85c-11e50645736f,EMP-0503,H S Swarna Malkanthi,39200.00,0,0
6c89dd1a-df60-4370-94c4-8c0e09c4e145,EMP-0504,R M Heenmanike,0.00,0,0
b5ca1c14-066a-40da-ad4b-2c77a9853390,EMP-0506,S M Dinusha,0.00,0,0
eb710e5a-513f-4d19-a790-16c3d0cfa640,EMP-0507,R A Punsara Pupuduni,0.00,0,0
2193a723-039d-4647-aee7-bb9cda5dddca,EMP-0508,B G Thilini Udayangani,0.00,0,0
47fa1e39-e1ba-4d7f-aa42-ac54f2f10faf,EMP-0509,R H Thilini Randika,0.00,0,0
fa2b7995-3c5e-4f7d-bcc5-93bb3af55aa7,EMP-0510,Lasantha Buddika,0.00,0,0
0edf242c-bfcf-415c-8f08-a8d6222d2abc,EMP-0511,W Priyadarshani Fernando,0.00,0,0
d0f8b117-0901-4f57-abf5-fee0cf3f2197,EMP-0512,K Thanuja Dilhani,0.00,0,0
99a39586-dba8-4b6c-8fc1-3d498d97ee49,EMP-0513,N Chandrakumara,0.00,0,0
65e49a18-a77e-40e6-bbfe-a6b4386e5007,EMP-0514,K G  Dilshan Sameera,0.00,0,0
f87863bf-a462-4bee-9b7b-64163267f186,EMP-0515,Sangaiya Shanthi,0.00,0,0
7d91a323-f05f-4b5e-be8b-99ec9584fc64,EMP-0516,Selwam Manoj,0.00,0,0
f5d5df6b-11f8-4dd0-9b31-a23df5c864a0,EMP-0517,Milwaganam Anoshan,0.00,0,0
a904c3c6-3229-4989-a104-f1b0e92bae55,EMP-0519,Deepika Elizebeth,0.00,0,0
c9bb8fe5-efe1-410e-9244-6cab1693f65e,EMP-0520,K A Nadeesha Lakmali,0.00,0,0
82c7687e-9af1-491b-9126-527bb2d729ce,EMP-0523,H V K Dileepa Harshana,0.00,0,0
51f98423-3512-42ea-bec3-ac259ce35ee7,EMP-0525,W A Mahela Sankalpa,0.00,0,0
52ec4245-81ef-4b5d-be8b-c3219b3b1d90,EMP-0526,S M  Damitha Manohara,0.00,0,0
a8a4c38f-c4f5-43a6-b264-81fbe6eda9b7,EMP-0527,A K Michal Raj,0.00,0,0
b4b8fcf5-2012-471b-b730-3355d8480d33,EMP-0528,B A Nadeeshani Danushika,0.00,0,0
41cd46c1-53b2-4920-894b-c2b893bf09ca,EMP-0529,W A Nimali Thilangani,0.00,0,0
7e8bf1ad-c84b-42e6-83b3-2f7159639a97,EMP-0532,M Pathmadevi,0.00,0,0
97fc8802-e026-4ad5-adab-1e773cc52b85,EMP-0533,Nasoordeen Piradaus,0.00,0,0
24acbe32-c44a-40f6-a6db-701f45b12ed9,EMP-0534,A M Amarathunga,0.00,0,0
d08a2af0-8ac6-4563-be75-50c012f7022a,EMP-0535,H M Chandana Bandara,44800.00,0,0
c1c5d541-9528-427a-9a1a-28d044975b0c,EMP-0536,W A Chamila Nuwan,0.00,0,0
32b8b775-e730-4b2a-b371-889e8c19b3c3,EMP-0537,S A Shamal Priyadarshana,0.00,0,0
00d3d582-3469-4b41-8809-14767a4dc072,EMP-0539,G Pradeep Kumara,0.00,0,0
f0c88370-1aec-4c3a-bf5f-bffdf8fddf87,EMP-0541,S Sadamali,0.00,0,0
1ab2fc8f-d466-4ee8-8851-4966ac7227c1,EMP-0542,P Jagath Aruna,0.00,0,0
a6941e70-7e5b-4284-9552-300d7b7b7e43,EMP-0543,A P Somalatha,0.00,0,0
f7e21e26-e4bb-442e-96c6-037177350a5e,EMP-0544,P G Ruwan Kumara,0.00,0,0
17fcbba2-5cd1-473c-a585-7cc5f4ff1ec2,EMP-0545,H P Amila Ruwan,0.00,0,0
c1fa30eb-3b48-4381-9d59-74d5a2e72d1e,EMP-0546,D Theja Kumari,0.00,0,0
f2f41d26-f685-4a23-bbde-c64728ffe715,EMP-0548,W M Thilini Madushani,0.00,0,0
a9c808f8-d4c8-4930-9d04-c370e233d1d1,EMP-0549,G L Chandani,0.00,0,0
47bcc473-8655-4a2a-96d6-d0837d53b2e1,EMP-0550,Ghanesh Moorthi,0.00,0,0
e86332b7-4dad-4e44-bf24-4c0124d90d55,EMP-0551,K Nihal Upashantha,0.00,0,0
8bded8c1-4a56-4ac8-aced-b62c70a87c18,EMP-0552,H M Sarath Wijesinghe,0.00,0,0
833a9014-0da1-491d-ace8-75e9b512362d,EMP-0553,P P Ganga Nilmini,0.00,0,0
f61d7f75-4dfe-4b51-8d3f-858aff8c33ef,EMP-0554,W P Prageeth Prasanna,0.00,0,0
9df1cbba-dd34-474c-9243-ba750a331bf1,EMP-0555,K B M Chandrika,0.00,0,0
614d99d1-3a4b-4e28-b260-9a7c7ea749f6,EMP-0556,Iresha Prasangika,0.00,0,0
82f1c138-7e0d-4a02-8fdf-07cd58979d5f,EMP-0557,R P Karunawathi,0.00,0,0
8a7770e8-2a81-457a-b6b8-6dfa92079952,EMP-0558,Karupaiya Siwapakyam,0.00,0,0
8aa09922-50dd-439e-a554-5ed2c737e808,EMP-0559,M A Aveesha Ushen Madawala,0.00,0,0
35e73229-5ecd-44b7-a364-5dd0de7dfe1d,EMP-0560,M K Iresha Kumari,0.00,0,0
711d93d5-1c10-451a-af45-dda0a3a2c0b5,EMP-0562,B Manimekali,0.00,0,0
99d38657-df63-406c-a39f-82f781625aa6,EMP-0563,M P Deepani Perera,0.00,0,0
07888c08-7faf-4b2d-a9a0-9a76f56c5580,EMP-0564,D M S Shasika,0.00,0,0
8ccada82-a49c-4920-b7d8-7a0420c5e836,EMP-0565,T D K Wattegama,0.00,0,0
62eb0349-fb46-4a94-9fae-ccffd2554070,EMP-0566,W Inoja Delsi,0.00,0,0
4cdf068e-6c0d-4d3f-8b30-579f65572369,EMP-0567,N K N Nimal Karunathilake,0.00,0,0
038c0d74-540a-49cc-bf1b-3537e464b2c1,EMP-0568,G L R Janaka Gunarathna,0.00,0,0
954adab8-f62e-43c8-a1be-5d7044eb463d,EMP-0569,Jayashankar,0.00,0,0
1926e496-e4ed-44fa-a462-07e3b04e705f,EMP-0570,Shihan Buker,0.00,0,0
308592f6-aaff-4c1d-8d53-2a523f58191e,EMP-0571,H H Asini Imaya,0.00,0,0
5c0cf3a8-7d01-436e-9d42-d97d5921b7f9,EMP-0572,M K Kaushalya Madushika,0.00,0,0
ace0bba8-098e-48fd-879f-002cbbb8b34d,EMP-0573,K A Nilusha Damayanthi,0.00,0,0
15604104-6ab8-4f15-ad4c-3933987f9391,EMP-0574,D M S K J Dissanayake,0.00,0,0
10a0c408-3ff8-4d6d-873b-e641428b77fd,EMP-0575,W Ayesha Udayangani,0.00,0,0
dec63100-df28-49cb-ad99-397ca11106ce,EMP-0576,R.M.Isuru Danushka Sanjeewa,0.00,0,0
e32b8442-3490-4a50-a7a4-28672da4275b,EMP-0577,W.G.Aruna Krishan Jayasiri,0.00,0,0
98b252c6-710f-4bf9-b407-e12ec38baf6b,EMP-0578,W.Anulawathee,0.00,0,0
83e3be42-e954-42fa-aaad-c06e6b97e8e0,EMP-0579,W.H Inoka,39000.00,0,0
f30158a6-649d-4c30-9b47-c42178574b15,EMP-0580,G P Meri,0.00,0,0
5a825ea6-91df-4306-bc2d-d31ed8b8c5a8,EMP-0581,A.A Indika Pushpakumara,0.00,0,0
abb5cd52-2437-4395-9983-2b7660504248,EMP-0582,A.M. I. Chinthaka,0.00,0,0
b72115cf-79ae-4835-869c-ef3cd5413cff,EMP-0583,J.A.Chandrika Damayanthi,0.00,0,0
a41e790c-c56c-4ea3-b49f-2e255b0f13f5,EMP-0584,K.H.M.Dammika,0.00,0,0
ed1ed752-2ac3-4785-b521-7260287c8582,EMP-0585,T.M.Dilani Pranandu,0.00,0,0
c52207df-4b63-487f-a291-b1fe5fe464b4,EMP-0586,V Prasath,0.00,0,0
a8362df5-18cf-44f2-b5af-7749f1795643,EMP-0587,D Mahindaraj,0.00,0,0
f5e0f0e4-73a6-4cb4-b3f2-695a8587e963,EMP-0588,H.B.S.Prasanna Kumara,49500.00,0,0
e52b5eec-716d-4e4a-8b94-23f7b1cfd052,EMP-0589,K.Sama Perera,0.00,0,0
70009c47-cd3c-4110-b61f-63e6e383936d,EMP-0590,K A Achala Dilshan,0.00,0,0
615aef1e-67d6-40f8-a525-cb596f07c0a7,EMP-0591,R Gayan Madushanka,0.00,0,0
60aeaa7d-4f14-447b-b9bb-c4882689ce43,EMP-0592,T H N Dilhani Keerthisinghe,0.00,0,0
48c6a558-5122-43b2-b813-d31a3787decd,EMP-0593,Salani Subodha,0.00,0,0
766671b0-7d34-4781-afde-5ed7358ab47d,EMP-0594,Shanthi Liyanage,0.00,0,0
6e2fedd3-6ecd-4665-be6f-4364ac270775,EMP-0595,M.H.N.Gemunuthilaka,0.00,0,0
3922bd68-1592-4e07-be33-4bd3387ba82b,EMP-0596,M Yesudasan,0.00,0,0
6717c2ef-ba80-4a24-99bd-76b40af8846d,EMP-0600,H.G.W.L.Rajini Perera,0.00,0,0
9028255e-f571-48c4-b06d-9d9328e94cfb,EMP-0602,T.P.U.Mala,0.00,0,0
c1fa6682-da28-489e-8c58-29e4e8f6e778,EMP-0603,A M Milani Anuruddika,0.00,0,0
5d7c0ac7-099d-4826-a2cf-b1789c441962,EMP-0604,M Vijayalakshmi,0.00,0,0
d5f427f9-add1-4bc7-aaa5-ce89263d89ce,EMP-0605,Subarathnam Shiwapakyam,0.00,0,0
a2956d03-e0c5-463a-811b-8baa0be9f621,EMP-0606,S.J.M. Saliya Mihidu Bandara,0.00,0,0
22a0ce26-5364-4e29-a4ee-ae5f4eb6b3c2,EMP-0607,J.M.Sagara Pradeep,0.00,0,0
c5e92496-bbce-493b-a47e-e8f96d8cbd58,EMP-0608,D.M.Premarathna,0.00,0,0
fc361947-d5c2-47e0-9417-f0d7d4e93d91,EMP-0609,W.T. Karunawathi,0.00,0,0
04725a1b-bf41-4f1f-8ecf-52fcf7cacf56,EMP-0610,S.Dilshani Dahanayaka,0.00,0,0
0fcf862c-034c-45b7-90cf-f9615ee9ee3a,EMP-0611,M.H.Sunil Santha,0.00,0,0
20e419bc-bc76-46e7-a86c-125f23175615,EMP-0613,S.A.Chandima Kumuduni,0.00,0,0
67b01ef7-c410-4374-89e7-2a47aa17684f,EMP-0614,P.A.Samith,0.00,0,0
d4cbea12-d2e0-4731-bf3e-5a96e6dada3b,EMP-0615,H.K.Deepika Sandamali,0.00,0,0
cebaaf97-1085-40bf-a3f9-3480d557f76b,EMP-0616,H. L. T. H. De Silva,0.00,0,0
c50862d2-5b09-4028-9cf8-36f4e7cf47ed,EMP-0617,E M Samanthika,0.00,0,0
7e178b2d-2fd0-4c8f-a6c3-16368aecaf1a,EMP-0618,J A Thushari,0.00,0,0
d4e356ef-bdf3-4dca-9f73-ccc39de53c6f,EMP-0619,H A Priyangika,0.00,0,0
2a7fa7b8-fc8e-427c-b589-dbbc4af86569,EMP-0620,J P Chathurika,0.00,0,0
cb5dae98-352a-4644-8b8b-ad68b6a1ab5e,EMP-0621,B Yohan Kalubowila,0.00,0,0
50c94c4c-6d17-4276-ad65-2d0b688bc26e,EMP-0622,W A Sunil,0.00,0,0
599165b5-ba9b-432d-96ff-8cf4f48b7c28,EMP-0623,L A Padmarani,0.00,0,0
7328e9c1-0205-4d3a-9637-ca1af8bc5c3b,EMP-0624,A G Rohan Desapriya,0.00,0,0
2c1add77-f328-4a45-bcbf-29ba3534bd74,EMP-0625,Lasaras Holy Rosary,0.00,0,0
f73a3675-aa68-4109-8d2a-fdb78452e94f,EMP-0626,M V Chamila Bandara,0.00,0,0
d0a05e5f-63d1-4254-9abb-7968d2049ccf,EMP-0627,C N Widanagama,0.00,0,0
484cfad1-3bdc-40c4-8d83-22630b3b9628,EMP-0628,E M Nayana Kumari,0.00,0,0
49821c82-347e-4d43-8663-15e9e2a694f4,EMP-0629,A A S Amarasinghe,0.00,0,0
bbf5e3c0-3157-4808-ba34-e92328fb01f2,EMP-0630,G Shriyani Dammika,0.00,0,0
bf906d9e-8ba6-4384-9700-04578c6acab3,EMP-0631,B H Ranjith Kumara,0.00,0,0
25d68173-9e53-483e-bf02-31c9abbf802a,EMP-0632,H A Chaminda Sisira,0.00,0,0
ac1d4633-3d6c-49b6-b9b7-94d679f13090,EMP-0633,H A S Bagya Fonseka,0.00,0,0
a96581c1-3681-4028-ae60-0b1c107f3b22,EMP-0634,P.P.G.Vijerathna,0.00,0,0
a63f5a1d-efce-4cf6-8d4c-67ac7fc1601b,EMP-0635,K M Chalani Ruwanmali,0.00,0,0
21e9c251-54da-4c8f-97ac-d1a467904c2c,EMP-0636,K G Chathuranga,0.00,0,0
57081bbf-d7eb-4d47-8955-28944dfb6d68,EMP-0637,L A B Sudeh Nalaka,0.00,0,0
0982c21f-80d9-4fd5-824a-c0f4254ca737,EMP-0638,K Selwarani,0.00,0,0
297f29b1-77b8-43fc-a4fd-38699c42b41b,EMP-0639,K A Saminda Kosala,0.00,0,0
04d2a74a-302c-456e-b391-49b0c29ba4d3,EMP-0640,D G Sumith Chandrasiri,0.00,0,0
cc61fceb-588d-492c-8f7a-b99a62c9fdcc,EMP-0641,T Jeewaraji,0.00,0,0
8ce98152-f55d-46ea-a291-83f8f2b7939e,EMP-0642,T M Nayana Kanthi Thilakarathne,0.00,0,0
168a0f6e-4480-46de-8cfd-17434b0539fc,EMP-0643,Dinuka Sanjeewa,0.00,0,0
63184e38-486a-4496-a2fc-99247dfa71ee,EMP-0644,A A Vimala Indunil Kumari,0.00,0,0
a607b7a1-f2a3-4c72-8e43-479a9d2005ea,EMP-0646,M W R N Sanjaya Senarathne,0.00,0,0
75eb8ec1-9eee-4855-9d6c-780008cade45,EMP-0647,Chithrani Wijayalatha,0.00,0,0
94fcb942-692a-483c-a25b-ef4529d0651e,EMP-0648,K B Sisira,0.00,0,0
0644dfd8-198b-4775-af6e-effecc1ad341,EMP-0649,D M Somawathi,0.00,0,0
e600b060-de89-46a3-8287-e2b9001c41a1,EMP-0650,W R E Nilmini,0.00,0,0
d085a94a-3577-4057-84cd-820f5fbcba33,EMP-0651,W A C M S Wanigasekara,0.00,0,0
2d764947-63fa-4b2a-a30e-3c3b5f183538,EMP-0652,R M G G Niluka Damayanthi,0.00,0,0
b95fb561-61c6-4624-b857-514d8f5bba1e,EMP-0653,Gayani Pushpamala Gunarathne,0.00,0,0
4380913e-011a-466f-95a3-3f30732437db,EMP-0654,K Priyangika Dharmasinghe,0.00,0,0
3d02ac9e-f718-4d01-becd-e411413d7cdd,EMP-0655,S M Priyadarshani Adikari,0.00,0,0
5b60f77d-0740-40d9-937c-f8b25141c4e6,EMP-0656,S M Priyadarshani Adikari,0.00,0,0
8b776d84-0f93-4af2-8b46-d8df7037d935,EMP-0657,Priyantha Dalugamage,0.00,0,0
c780b037-408a-4183-8baa-c302f3fe6d18,EMP-0658,T Naleen Bandara,0.00,0,0
1a40d06d-75c7-4194-af1f-6327974f1123,EMP-0659,P H Tharushika Priyadarshani,0.00,0,0
d7cd12d1-a39c-4ef2-a73d-360f754bb00c,EMP-0660,P A Hemachandra,0.00,0,0
9746d0a8-8193-446b-a48c-94215cfbc559,EMP-0661,T G Sachin Binara Pavan,0.00,0,0
91f08871-4688-4541-a739-199d9e7f21b3,EMP-0662,B M Chandra Kumari,0.00,0,0
bb385075-aaf2-45d2-a166-6a69feaf4c6f,EMP-0663,W A C Abewansha,0.00,0,0
e4e900a3-a06f-4973-a5fa-15225933bb39,EMP-0664,D M Wasantha Kumara,0.00,0,0
b0f95cb9-6467-4396-b483-5467b2c13255,EMP-0665,M P Roshan Perera,0.00,0,0
d1dee99e-a9e2-4b9e-8df8-8d4805d9001d,EMP-0666,H Priyangika Sanjeewani,0.00,0,0
f9e372a7-3dbd-44d3-8815-e9f4481ca23c,EMP-0667,B A Suranjika,0.00,0,0
2f1d2e86-a5be-46f4-8bb5-06df48f26e49,EMP-0668,Prakash Vinod,0.00,0,0
6376ea64-0ae5-4f2b-b1b4-92819fb63108,EMP-0669,M M Sumith Prasanna Kumara,0.00,0,0
1f0a8180-462a-4447-b2b2-04155ac93a58,EMP-0670,G R D Nuwan Suraweera,0.00,0,0
ff12ec36-230d-455a-b6bb-4d9362e87e4f,EMP-0671,Kandasami Sylasiri,0.00,0,0
c3a0a154-24fe-4f96-bb2d-f97a934737f4,EMP-0672,H L Nishantha,42000.00,0,0
83794bb4-2bc9-421b-983c-75b0e538e9a7,EMP-0673,D U Indunil Rathhnayake,0.00,0,0
e33b3ad4-8520-4512-9569-3968855d7474,EMP-0674,S H Lalani,0.00,0,0
d23e6a8a-7b65-427e-901d-37778404c7a3,EMP-0675,Nadeeka Gmage,0.00,0,0
86191eb1-721b-4f55-9400-1a536e853b16,EMP-0676,U W A Sagara Chathuraga,0.00,0,0
38d37dcb-a0bd-49e4-a4b0-6ef078e3834c,EMP-0677,C Iranganie Siriyalatha,0.00,0,0
a51bd26a-c3b8-4bdf-bb9b-d573faa9b7e4,EMP-0678,M C Burnad De Silva,0.00,0,0
540de259-2cb8-4997-a1a1-d9e87a5a6e73,EMP-0679,M T Anusha Kumari,0.00,0,0
e78c6251-eb6f-4a4c-a1dd-49cfad979728,EMP-0680,J G Sumeda Amarasighe,0.00,0,0
206343a3-18f9-4d5b-961e-787e360ddb8d,EMP-0683,R A D Mangalika Ranasinghe,0.00,0,0
c93d43e7-2991-40bb-8c78-a76cefb649d2,EMP-0684,H C Saman Jayaweera,0.00,0,0
6347cb4b-038b-49a5-980d-a812bd817d63,EMP-0685,W Saman Kumara Disanaykae,0.00,0,0
8b5100fa-abdf-4713-bf1a-9be6185fc9e5,EMP-0687,W G Lakshika Madurangi,0.00,0,0
caedf27c-707f-43ea-aaa6-f07d591369a5,EMP-0688,K M K P Dilsara Kulathunga,0.00,0,0
a2487325-71d5-409a-83fe-ce0eb4de1ef4,EMP-0689,T Hemawathi,0.00,0,0
4fa0572d-02c1-4ddf-acb6-b8cd6fb2c6d1,EMP-0690,N H A Ashoka Kithsiri,0.00,0,0
577f6e0a-bc4a-43f1-a03a-a4c5ef86cf4a,EMP-0691,T A Asanga,0.00,0,0
be01afa0-3e67-4aa6-bfc2-4f67077ef3c6,EMP-0692,A M C Kumari Rathnayake,0.00,0,0
47195def-30c1-4f68-a0c0-76d95cac3aa6,EMP-0693,N S R Kosala,0.00,0,0
2c2519f8-def7-463d-9376-c5142656bfcd,EMP-0694,A P Dulanga Pathirana,0.00,0,0
09f15adf-eb4b-4f34-b264-6e3068d7a3fb,EMP-0695,J A Yamuna Lalani Jayaweera,0.00,0,0
c0f49a65-eb24-41f1-ad2c-8d1323b33be4,EMP-0696,Rajendran Ramesh,0.00,0,0
66ed25f5-8ce7-4d75-a4c3-8546d4814ed4,EMP-0697,S M Maheshwaran,0.00,0,0
cf635362-08d6-47b9-afcb-c604dd3eab6c,EMP-0698,Genunu Kumara,0.00,0,0
ac15366b-0668-4382-a47a-c94e572eba12,EMP-0699,M G Yaso Manike,0.00,0,0
ebbe20d2-e23c-4d6e-97a6-f7f0996721fd,EMP-0700,W Jeyachithra,0.00,0,0
e7401305-7b5c-461b-9bf7-43c1f91c1c63,EMP-0701,W Nickalas,0.00,0,0
601adc1b-85be-44c2-b171-16b8c0ca340f,EMP-0702,Shriyani Fernando,0.00,0,0
7dff2209-539e-4c94-9900-9bb1e0bcbbd8,EMP-0703,T Nayomi Vergini,0.00,0,0
379e6fde-31a8-4c9f-b7b9-98673ae673b4,EMP-0704,G.G.Dayani Gamage,0.00,0,0
f63e51e8-b0d3-42dc-998d-20e80fe4692b,EMP-0705,L A R Bandara,0.00,0,0
dbb1ef47-c1fe-44d7-a163-4bc6df8f1e13,EMP-0706,K P G Mallika,0.00,0,0
fdd65495-b411-4e01-877b-3d632e795955,EMP-0707,G M Nayanajith Nishantha,0.00,0,0
f3680728-35c9-4cfe-ade8-c78d2345eb34,EMP-0708,S P Thilak Bandara Wijerathne,0.00,0,0
96aa9ff5-eb21-4b90-8c07-5c2976d087bb,EMP-0710,P M Ajantha Perera,0.00,0,0
929355d4-9161-43ea-9e08-27fe9c371507,EMP-0711,V Imesha Tharangani,0.00,0,0
8639912c-202e-46ad-804d-3df5a978ec05,EMP-0712,S M Dimuthu Nilanka,0.00,0,0
2f6a28f1-8eb5-4057-b9de-95f480a88bbb,EMP-0713,G G Chandana Upul Kumara,56000.00,0,0
e6dc68ce-8044-42c5-9cb7-a917f23f0bb1,EMP-0714,Rasika Thushari Kahadawala,0.00,0,0
30851084-0139-402f-a62f-af491f27a97c,EMP-0715,Nilanka Thushara Hewasighe,0.00,0,0
27882c78-ad45-4a37-99fc-70527d685e9f,EMP-0716,K A Charuka Priyasanka,0.00,0,0
a0f1564d-44f0-4015-9b18-1d0dedfbd20a,EMP-0717,H M Thushara Saman,0.00,0,0
5fb5bcde-b9d2-4762-8d4e-13c7f61a9598,EMP-0718,R Imali Madushani,0.00,0,0
543ca570-da09-4aca-8c46-a661c2dfeb92,EMP-0719,R M Samitha Sadaruwan,0.00,0,0
07942aa4-6a59-4811-866d-985adbf81563,EMP-0720,Balasingam Subashini,0.00,0,0
54855d96-06cd-47e5-98a5-7ee4dbb3122b,EMP-0721,J A Achintha Niluk,0.00,0,0
47369893-cb76-4eec-833b-f085dacf686c,EMP-0722,D P Rohana,0.00,0,0
9db054c6-c266-4090-af16-9c6961adca32,EMP-0723,R B Darshika Sadamali,0.00,0,0
df5aa144-aee0-4e66-95d0-a0d3fc4fc9c9,EMP-0724,Nilangani Priyanthi Kumari,0.00,0,0
a96d2418-01b7-420f-a5be-0afa32bd5830,EMP-0725,E P Priyanthi,0.00,0,0
a610e28e-f15c-4f29-96bc-faddbe8ce54c,EMP-0726,K G P Namali Kariyaeasam,0.00,0,0
591f29a8-b185-4916-84b6-e9c1a9f7b3ae,EMP-0727,T  K G Ranjani Manike,0.00,0,0
71adca33-f85d-4af8-b0fe-29afe733103e,EMP-0728,K H Chandrika Herath,0.00,0,0
9b7f0bef-8fc1-4a92-9a27-996520bc22f4,EMP-0729,H M Sudhahami,0.00,0,0
f4ba9cae-6b88-4c16-a9a4-b74f3b8dcb0c,EMP-0730,S M Harischandra,0.00,0,0
0e307046-67ef-42b4-ba8a-a2584ceb46bf,EMP-0731,W P Nishadi Ruwanthika,0.00,0,0
ba71a626-5d6b-4012-b91b-2f58294df487,EMP-0732,W M Nirmalee Rupika,0.00,0,0
196401dc-7006-46c8-b6bf-248b8d71033b,EMP-0733,T M Punchimanike,0.00,0,0
b5021437-334b-4a10-bb05-3eec2eb7f414,EMP-0734,K A D Chaminda,0.00,0,0
7b35f62c-1940-4f86-bd39-6a18ed017343,EMP-0735,A V Hemachandra,0.00,0,0
c56c12c2-30f7-44b4-9c18-6a55fdcc7151,EMP-0736,Fathima Rifka,0.00,0,0
986f9e89-f842-49f1-8580-1261937ba459,EMP-0737,M.I.Fathima Haara,0.00,0,0
f79796fd-14df-49b8-815a-377f1c19578b,EMP-0738,W.G.Gayani Malkanthi,0.00,0,0
48dea6c5-400a-4c07-bdfb-0d3fc9da9bbc,EMP-0739,W.V.Nishanthi Renuka,0.00,0,0
63d21076-8b4d-4de4-ae03-998c1411a3ce,EMP-0740,G.A.Umesha Thamali,0.00,0,0
b499f144-89f1-47a9-a637-f90366ef1cdf,EMP-0741,K.Disna Kumari,0.00,0,0
3616a042-e8cd-4e33-af69-7c3692a8ead4,EMP-0742,D.Nilanthi Senanayake,0.00,0,0
0ca28449-8a01-4dd4-ac73-38461a08c03c,EMP-0743,N Nadaraja Subashini,0.00,0,0
ef3f1bf3-84f3-465c-9d8f-e491cc7de354,EMP-0744,Ramanadan Archana,0.00,0,0
17ca8dd8-dd2a-4e8d-90ab-4022ce4662af,EMP-0745,K R T A K Chamil Dilshan Perra,0.00,0,0
fcde19d0-e040-44c4-8251-2f3c2d85f7a8,EMP-0746,G.A.L. Dewmini,0.00,0,0
e0748eeb-0324-46e2-8682-66ab30f0adfa,EMP-0747,A.M.S. Udaya Bandara,0.00,0,0
861e360d-e5bf-47c3-8941-d89852e8fa64,EMP-0748,H A Anoma Priyadarshani,0.00,0,0
6091dd2d-4831-4b9e-812e-640f4dcd0097,EMP-0749,A H Sadali Hansika,0.00,0,0
261aa228-4db9-48cb-ad48-d464521c7718,EMP-0750,C Jeewanthi Madumali Silwa,0.00,0,0
94fd8feb-4776-440a-89b6-9970d7916ee4,EMP-0751,S Kavishka Deepana Senarathna,0.00,0,0
eb3a1cc7-e236-48ab-8610-d5ea21f011ef,EMP-0752,W L P Hasitha Subashini,0.00,0,0
f1dabd7e-12bf-40b7-a5c3-abc6aad03449,EMP-0753,Suneetha Senarathna,0.00,0,0
a238699a-c243-4bc1-b8a6-82a6f5b42c6b,EMP-0754,W.M.A.G.S. Kumari Wijerathne,0.00,0,0
ad2ea36e-3936-46ae-be1a-6bc72bbad47f,EMP-0755,T N Prasanna Ajith Kumara,0.00,0,0
ed5b757b-c948-4fd6-a194-3454f5cf5825,EMP-0756,M S Fathima Risana,0.00,0,0
ef560b62-d24c-4c3a-8494-2f5f597a15a6,EMP-0757,R M G Chamila Kumari,0.00,0,0
6afb895d-46b6-4e35-9eb6-5a7914a80ac3,EMP-0758,G D Chandima Nuwan,0.00,0,0
bd27974a-dd06-4910-80ba-7858281f12e8,EMP-0759,K D Pushpalatha,0.00,0,0
a167674e-f457-4541-a9ad-f14ddd374393,EMP-0760,M.B. Vajira Pushpakumari,0.00,0,0
c00a87a0-41da-43fb-abb6-c1f84bfc092b,EMP-0761,G.G. Manjula Pradeep,0.00,0,0
8a741b81-eef2-46e9-8597-1111a281f20a,EMP-0762,A. Dinusha Priyanthi,0.00,0,0
b53b856b-05b3-4375-85ed-d14c2bca00b2,EMP-0763,M A Dewasumithra,0.00,0,0
05149184-c3c1-440f-9e26-7ec1b3270ae2,EMP-0764,W P Prasanna Sampath,0.00,0,0
9db1c725-e929-461a-a9dd-693f10a5bab1,EMP-0765,D M P G Malith Mihiranga,0.00,0,0
42bd77dd-dc47-4577-bf0b-e44752eb733a,EMP-0766,K A Randika,0.00,0,0
1fc217e9-0e44-4801-a1ce-c919795e0193,EMP-0767,Sujith Kumara,0.00,0,0
cba8456f-1fe3-4741-8832-a1bac0c2f919,EMP-0768,Sudarshani Sandamali,0.00,0,0
92a9ecdd-8c01-4818-b19a-8a64b6369536,EMP-0769,D M P G Danuja Dilshan Bandara,0.00,0,0
0ea91f7d-3711-4582-a4a1-5b0ae7758892,EMP-0771,W G V G Dayawathi,0.00,0,0
98e76a0a-1b2a-4e43-9158-57c9a98e7539,EMP-0772,R H Danushka,0.00,0,0
9e78129d-936d-402a-8ef1-d69adcc6bc6a,EMP-0773,R.M.Chandrika Kumari,0.00,0,0
9a2d61e3-f4fa-44e4-bdc6-2ce8e53f0b1f,EMP-0774,P.G Nelaka Yumal,0.00,0,0
9fcc832b-1f53-4fa2-ae26-66464b9175ff,EMP-0775,R P V Dilum,0.00,0,0
b783e43b-aca6-4d39-b5b2-d43e9857dd95,EMP-0777,R M Sanjaya Maduwantha,0.00,0,0
6f67a764-1b77-4e72-a03c-ffc858062b6f,EMP-0778,H Ushani Priyanthika,0.00,0,0
0a38dcb9-93cc-411e-8c23-0a05f6485d12,EMP-0779,A G A Pushpakumara,0.00,0,0
cbb7e9f1-150a-41c1-b5aa-59c1b3a9d221,EMP-0780,S M Asyam,0.00,0,0
bc3946a9-12a7-4a0b-acb3-943902f49e02,EMP-0781,Rajagopal Sasikala,0.00,0,0
6e7009e4-ddce-430c-9c3b-2d35dc363ab4,EMP-0782,T M Nadeesha Shayamali,0.00,0,0
39001b11-71a4-474a-bd8b-70761584029c,EMP-0783,A G Sampath Athukorala,0.00,0,0
0b2365f7-0bd8-4b79-81ff-c3f441abe906,EMP-0785,Nirodha Malshani,0.00,0,0
ab0b5722-a203-4656-98a2-c84855307a4a,EMP-0786,M K Deepa,0.00,0,0
fce63236-77a1-42cc-b4cc-f2c5061b6533,EMP-0787,R M Chandrawathi,0.00,0,0
427346d4-7292-445f-8903-dab7930774d1,EMP-0788,F.B. Shanthi De Silva,0.00,0,0
c96f1bbd-7f22-4cec-855f-9ee4bc8b9671,EMP-0789,B K Dilini Darshani Rodrigu,0.00,0,0
28b5c721-71ba-4ba0-ac87-615c119e4f6d,EMP-0790,Krishor Kumar,0.00,0,0
7eb8e669-0838-41b9-93c2-cff3ccbf22c5,EMP-0792,M L Thanuja Dilrukshi,0.00,0,0
fb0f7623-9f94-425b-b223-5389c2c3c134,EMP-0793,D.M.B.G.Nisansala,0.00,0,0
781d55b0-3022-438d-93e6-8f5f7e97acd7,EMP-0794,D V Sujanthi Priyadarshani,0.00,0,0
6702445a-4984-4cd2-8479-82a0c00ba501,EMP-0795,Balakrishnam Krishnaweni,0.00,0,0
662881e3-908a-4102-afe7-fcf330b88385,EMP-0796,K D Devika,0.00,0,0
c959eb57-a1da-4e1a-b1d5-b9132e82e729,EMP-0797,N G A Kumari Nawarathna,0.00,0,0
d0894258-2fbd-4770-8141-369cac2663c1,EMP-0798,H G Chandani Hemakumari,0.00,0,0
7775b9bf-200b-448e-8ed8-2efa89368d3f,EMP-0800,A H Sumith Kumara Wijesinghe,0.00,0,0
f7923e38-9a5c-4a41-80b2-1e1a84fc5472,EMP-0801,W A M Hemasiri Premarathne,0.00,0,0
dfae2bf5-9208-4959-9669-f1f67bd6eba3,EMP-0802,W M Thanuja Dilanthi,0.00,0,0
1c0cb9ed-8e67-491a-906a-c2db0e3a15ba,EMP-0803,Muththaiya Suramanjani,0.00,0,0
353caf70-d67e-4953-874e-6b8f38e846a4,EMP-0804,W A Kasun Ravindra,0.00,0,0
d8eb5e52-299d-4d09-a880-762f5123ddb0,EMP-0807,K Manel Pathmini,0.00,0,0
303327d1-3780-48c4-86e4-3b37e23ae690,EMP-0808,W A Hasun Surendra,0.00,0,0
86f737e6-1dcc-4ea6-9740-e1c210664eac,EMP-0811,P.G.Danushka Nandana,0.00,0,0
fd42ba47-8549-47b2-aa3a-acbb8a6b4da0,EMP-0812,I.M.Karunarathna Bandara,0.00,0,0
6ec6173c-2f11-4af4-b125-f6afbdf05a8a,EMP-0813,S W J Yamuna Jayamini,52500.00,0,0
27461e5a-feeb-4543-a0fa-5b557d47cf50,EMP-0814,W.Darshana Sirilal,0.00,0,0
f093bcbf-0728-4061-892d-720ab41f4a12,EMP-0815,K.D.Kasun Prabath,0.00,0,0
4b02a19e-02eb-49c6-af63-cb2cbfd406ab,EMP-0816,M P Subashini Sadamali,0.00,0,0
4038ed68-e0c6-4a78-95aa-c16a6de2c064,EMP-0817,K G Kanchana Dilrukshi,49500.00,0,0
06112a08-1b39-4af1-9fd3-f4c18901eddf,EMP-0818,Kandasami Wijayalaxmi,0.00,0,0
c24a6935-a7d5-4cc8-b8c5-ec989ba37b8b,EMP-0819,E Piumi Madushani,0.00,0,0
fe54d4b5-313c-45cb-9f8c-611172508187,EMP-0820,R M Dammika Nandani,0.00,0,0
e8e2707e-fc75-49b4-99e0-0b140a678bf9,EMP-0821,P Thushara Ruwansiri,0.00,0,0
5cdb39e1-3990-4f3f-b793-ab49b936a0d3,EMP-0822,K B Niranjala Kumari,0.00,0,0
a47f665c-cc4c-4075-9a73-84b8abd0715c,EMP-0823,G V Sanath Kumara,0.00,0,0
a00b97f5-63b2-4e9d-a614-7715bf78d724,EMP-0824,A A Priyangika Thushari,0.00,0,0
9faa5054-31fe-45a0-a8ca-ed205825bb1c,EMP-0825,M A Lakshitha,0.00,0,0
beb5107b-ec0b-4645-adb7-0ba976394565,EMP-0826,S A Sumthra Nandani Senanayake,0.00,0,0
f94cee8e-a6fe-413c-863f-997c3e09d4c2,EMP-0827,T D Pradeep Sampath,0.00,0,0
4db0154e-f733-443b-9ec5-e28e9931910b,EMP-0828,Dammika Kumari Bandara,0.00,0,0
b25fd4d9-2781-4c0b-80db-47ce53438148,EMP-0829,K G Waruni Perera,0.00,0,0
c5f7a979-34f1-4ef0-9645-bab15379a71c,EMP-0830,V P Nethumini Dewmali,0.00,0,0
5c6d31dd-d8e3-4dad-af81-deeffc2b4689,EMP-0831,I A Shehan Akila Perera,0.00,0,0
ca2cf7e9-ca84-4f31-9bde-fdc19e5007ce,EMP-0832,K H Madusha Nandasiri,0.00,0,0
2afe8b08-59f2-48b8-b76b-c2a0945c9261,EMP-0833,R Msithara Dedunu Rathnayake,0.00,0,0
0bf1f454-8199-4060-9acc-1aff3ffdbb68,EMP-0834,K R M W G Ghanawathi,0.00,0,0
48da3b91-15c5-46ac-8af9-95b18d91cd62,EMP-0835,R A Premawathi,0.00,0,0
c6e37496-0ba2-4ec0-8bf6-894a1f99147d,EMP-0836,J M Nipun Chamod,0.00,0,0
4fff92e1-7ab3-4e42-97e4-c7e5c2a2dc56,EMP-0837,K A M S Athapaththu,42900.00,0,0
e9b9d8b8-b4ab-498b-bc50-f99ba5ddcea5,EMP-0838,H G Rajitha Pryalal,0.00,0,0
5118611b-5468-4107-b557-f3abca8b91f6,EMP-0839,I V K Chithra,0.00,0,0
25198514-9614-4e5d-8417-8339d7581acb,EMP-0840,S H Saroja Niroshani,0.00,0,0
b342f401-0e58-447f-8ceb-b2c518a6ba47,EMP-0841,Sudarshan Keshani,0.00,0,0
683a2980-96f0-45c4-a643-bfe315b04d00,EMP-0842,Ishara Madumanthi,0.00,0,0
37bfe5a8-db52-4e84-b2d3-599cbf875279,EMP-0843,T W Kumuduni Priyangika,0.00,0,0
2db6495e-5e42-499e-827f-0dc66b6cf863,EMP-0844,S N Galagoda,0.00,0,0
99b9f48f-a4f6-450d-9ec0-ab3facd34a32,EMP-0845,M D Sepalika Gunaratna,0.00,0,0
a80eb882-b31e-436f-9a85-16513a7a5577,EMP-0846,D M Nishani Malika,36000.00,0,0
fa12766a-aa4d-40ec-8ebf-d0cf50b63ac9,EMP-0847,W A Rohini Priyanka Kumari,0.00,0,0
44da296d-c28a-44fe-8898-fcb4c3334322,EMP-0848,H M Damayanthi Kumari,0.00,0,0
bea2d12f-7b04-480f-8640-d4ec71507b5c,EMP-0849,Nandani Devi,0.00,0,0
061be07b-5e51-4c05-975f-a30629cd3ca3,EMP-0850,D M Nilusha Lakmal,0.00,0,0
6394f534-663e-4723-845c-a7a3e9aacea4,EMP-0851,S C Amarasena,0.00,0,0
497e9fdf-9e6d-4f0d-9b71-0c7227a1ed08,EMP-0852,Rajarathnam Radika,0.00,0,0
94b33c1a-e17d-4a04-8e00-68bd5c26416f,EMP-0853,L J Udeshika,0.00,0,0
a8df381a-9b48-4bfc-a88c-64d92dfdc9f9,EMP-0854,D M Chandrawathi,0.00,0,0
2ce6b5a1-9f0f-48d4-aa7c-d00352cad0b2,EMP-0855,R H Neela Lliyan,0.00,0,0
afe1f9a8-9b3c-4bb4-a160-259a3847b957,EMP-0856,H M Vijaya Nuwan,0.00,0,0
78074aca-556e-40c0-91d0-a3897a578452,EMP-0857,A A Suchira Nirmal Dias,0.00,0,0
1899e9f4-a58c-4ba4-926a-18e88907623b,EMP-0858,Dilki Merila Thomas,18000.00,0,0
4d5d6b93-c21d-4d8c-8f76-fdbe14e4eca5,EMP-0859,H.M.Chandrasiri,0.00,0,0
b0f74b0b-fe43-493f-a541-c40cda1c053c,EMP-0860,T Nadeesha Silva,0.00,0,0
efa93b3c-d373-46f7-904d-3968f1387bcc,EMP-0861,Kandasami Asini,0.00,0,0
61d17093-5877-4afb-9b5c-0dd213fad68b,EMP-0862,H.A.Karunawathi,0.00,0,0
ae48aaa6-8e2a-4eb6-8a83-9dc30ccf1f71,EMP-0863,Arosha Dilshani,0.00,0,0
1ffee2c1-3eb2-45d9-b08f-90dbead0ad04,EMP-0864,T H Chandima Ramesh,0.00,0,0
bf739993-026a-4d09-b96c-fa54ef0c3edc,EMP-0865,Nadeeka Siribaddana,0.00,0,0
3a37a90f-5f31-4c90-8389-e94b88bd8675,EMP-0866,Ganapathi Sumedha,0.00,0,0
f1876e2b-5870-4606-8312-5ccbeb707cfc,EMP-0867,J D Priyangani,0.00,0,0
c104b066-c35b-4a75-95c9-650f5d537b12,EMP-0868,D Malani,0.00,0,0
5b0719c3-72b1-413c-a6d4-d621a5c18ed5,EMP-0869,R M Dushanthi Dileka,0.00,0,0
b6bb5315-a6f7-4766-a1a7-b3da4b74a075,EMP-0870,Sathyawel Ghaneswari,0.00,0,0
3e0fe116-96f1-4ad1-9315-2eeea4ec9030,EMP-0871,G A Sadun Prasanna,0.00,0,0
945cd3b7-c21b-46f2-a34e-0a02e04d5ec1,EMP-0872,N G Indika Jayalal Wimalarathna,0.00,0,0
3a8521da-dfd8-403a-8684-1f0c69f23d2f,EMP-0873,P M Madushanka,0.00,0,0
4a958b9a-48f5-49b7-b7c8-70e5bd0a4272,EMP-0874,D S K Daramarathna,0.00,0,0
88f8547d-ddab-4161-9439-f6d1ac2867bd,EMP-0876,S V U S Madushalya,0.00,0,0
538baa6a-4607-44d1-adcb-3d0cb3fe6c73,EMP-0877,T G R C Nisansala Kumari,0.00,0,0
a8545cf1-3013-49a0-b6d3-6b79a73cd703,EMP-0878,K B Jayantha,0.00,0,0
42ade279-6f74-4268-bd1e-d637cc563105,EMP-0879,K K Sumedha Rukianthi,0.00,0,0
622cdfc7-a0a7-40ad-890a-5d92a8b690db,EMP-0882,T M Dayawathi,0.00,0,0
843a99ad-1fab-4cd2-8da4-5be0c33ac0be,EMP-0883,W A Iresha Malkanthi,0.00,0,0
d8d2ccec-c955-4fd4-a1b1-79442d4c2022,EMP-0884,D L Thiwanka Perera,0.00,0,0
d7a18d75-3f33-4183-b544-c1c65d0378f2,EMP-0885,D D Sanjaya Pradeep Kumara,0.00,0,0
101106ce-cbf9-4c97-b7f4-90c7ad993abb,EMP-0886,K.M.Dayani Anusha,0.00,0,0
14cba272-4275-4685-931d-eaee02c83daf,EMP-0887,K Wellalage Koshila Kavindi,0.00,0,0
a13ca32d-49c7-45cb-aa66-5ba54016c3e6,EMP-0888,S N M Hansika Maduwanthi,0.00,0,0
d7a27d93-506c-4d9c-8233-a4af73d2e23f,EMP-0889,R Shirani,0.00,0,0
b827ba9d-e684-488f-aee4-3706dd851454,EMP-0890,S A Chandima Gayan Subasinghe,0.00,0,0
1553f9c9-8eaf-417e-857e-fb7fbd6aeb10,EMP-0891,K Dayani Pushpalatha,0.00,0,0
8e401bc1-9967-4cd2-8722-b6fb28f90899,EMP-0892,R W Suminda Wikramasinghe,0.00,0,0
68640b96-5121-45af-aeb2-6493b9bc6ff1,EMP-0893,Manoj Asitha Nalawansha,0.00,0,0
8fdd7dce-3a10-44f8-a8b3-f468194f97ac,EMP-0895,R G Kusumawathi,37500.00,0,0
80564cb7-1d7b-4aa9-ac1c-77775dcbb30c,EMP-0896,P Anusha Priyadarshani,0.00,0,0
9a1c0790-5449-42ed-8e97-7aaf6d2a3759,EMP-0897,R M Mihiri Prabashini Fonseka,0.00,0,0
ae5310e0-e98a-42cd-8684-0daf9ebb6c10,EMP-0898,G Chandralatha,0.00,0,0
66021246-fb8d-4a77-9c8b-e4974f2e1e41,EMP-0899,R Pradeep Prasanga,0.00,0,0
1b646e19-dbe2-43d4-9e55-0b131c4ba9a0,EMP-0900,M A Suchintha Nadeera Bandara,0.00,0,0
7b40520a-5a1d-40a7-a079-422a8e3ab5d9,EMP-0901,D Praveen Methsara Samaranayake,0.00,0,0
3abe844b-c2ca-47b9-a477-2bbc97ef9e99,EMP-0902,A Leela Airangani Silva,0.00,0,0
d6b08537-181d-4069-8ca6-bc5292be05d0,EMP-0903,F Vindya Prasadini,0.00,0,0
050f2758-ba52-4a12-b46d-742c15da4fbb,EMP-0904,D Nimali,0.00,0,0
0ba37bd2-745d-4f7c-911d-1f0e728a9ec6,EMP-0905,W D Sahan Harshana,0.00,0,0
ebde3d35-3d7e-4da9-be81-f82d39a90e38,EMP-0907,K N Nimasha Perera,0.00,0,0
10b15be6-3189-4712-92b4-ff3a2bc4ebf8,EMP-0908,W W Prasad Priyantha Prananu,0.00,0,0
e86cabd9-f133-4dd8-a6c4-abe88f11014f,EMP-0909,G Damitha Lakshal,0.00,0,0
776fb356-6d8b-49e4-b064-67e10da06a65,EMP-0910,C Chandima Prabudda Perera,0.00,0,0
595b976a-5456-4a57-9fd4-7fb83d1d479e,EMP-0911,V N Gavin Kumar,0.00,0,0
fa267c71-2f3c-4b8f-9d9b-44056bfe21f8,EMP-0912,Sanduni Sepalika,0.00,0,0
a0a0c403-2abd-4896-aaea-f79a76fdadc7,EMP-0914,B.M.Dayawathi,0.00,0,0
36e81a13-b60a-4aed-a979-2d08cb6c308a,EMP-0915,L K P Suwarnakanthi Piries,0.00,0,0
216aa37c-646a-4edb-8efc-ecfb29220ce8,EMP-0916,Pradeep Kumar,0.00,0,0
7e495719-56ce-497e-90e9-b464e6c9b6e6,EMP-0917,R A Nimesha Maduwanthi,0.00,0,0
1449167c-6b1c-4dcf-a0bd-b2b6ccf4fdce,EMP-0918,N S Sameera Begam,0.00,0,0
17c4f864-0e3b-4bef-8b61-06fee69d3326,EMP-0919,Y R L A Chandani,0.00,0,0
fd9124a9-1453-47fe-83cf-60bd6205b21a,EMP-0920,S P C David,36300.00,0,0
5be2f2a7-233e-49a1-81f9-833fdedbad6e,EMP-0921,P L Thushari Nilanthi,0.00,0,0
d6645ff4-e415-4be1-a4e4-22ff0e9e0fc7,EMP-0923,R M Malkanthi Rathnayake,0.00,0,0
8f5fa0ea-5d36-43b0-a6b0-01b34e562aed,EMP-0924,M Suresh,0.00,0,0
586e7d8f-88ca-4824-b16d-9d14779c78cf,EMP-0925,G Shanthi,0.00,0,0
8276100d-70f2-4f6a-9271-4697cfd88194,EMP-0926,H M Nadeesha Madumali,0.00,0,0
67744cff-4f96-446f-a981-48f2c177d9ef,EMP-0927,H M Pasidu Niroshan,0.00,0,0
af985eb2-30bc-4933-99f2-c2d43cb49eb7,EMP-0928,B L Rajini Wimanthika,0.00,0,0
65ee411f-3c66-4c32-9b49-0274fbefec58,EMP-0929,W M  Chandani Rathnayake,0.00,0,0
bcb3ac84-13ca-41c9-bff7-acfa5fc19c2d,EMP-0930,Vishaka Shiranthi,0.00,0,0
5e53e2cc-e2ef-4556-b589-0324e05e9959,EMP-0931,Sarath Disanayake,0.00,0,0
6f7e78eb-3ad9-4015-939d-1a50e714b445,EMP-0932,H P Malani,0.00,0,0
e99d618c-b8d0-473f-9aee-1cd7c04605e1,EMP-0933,S Rohini Veerasooriya,0.00,0,0
d9496973-03c1-417b-b803-727ff0b675aa,EMP-0934,H M G Malani,0.00,0,0
b6126881-2d8d-439f-8759-43ff72582420,EMP-0935,K M Nilusha Mihirani,0.00,0,0
b7d5d254-65bb-4bdc-8ff4-a6d41c836e49,EMP-0936,K G Indrani,0.00,0,0
cd37c86e-3b7a-4ea4-821b-bf868d509192,EMP-0937,D M Champa Kumari,0.00,0,0
fc71f698-8c89-425a-811f-9d12c0e9d9bd,EMP-0938,M A G Champika,0.00,0,0
e655005f-bd80-4a8e-a372-26f8eeecea43,EMP-0939,D P Ranjani Premalatha,0.00,0,0
2991ef46-b731-42b8-bb96-1f3f09989188,EMP-0940,M M Saman Kumara,0.00,0,0
e62bd186-44d7-4ff8-92f8-a6e57199cf69,EMP-0941,B D Nawoda Sandeepani,0.00,0,0
26693f80-1b7b-48ea-b448-60b78ad508d1,EMP-0942,R G Hirushan Dineth Karunarathne,0.00,0,0
dd00db54-f5aa-40be-b16c-eae4c1f37982,EMP-0943,L Roshini Kumari,0.00,0,0
875d8544-bb50-44d5-b79c-c0acf28d8ba4,EMP-0944,M G Lasanthika Wijewardana,0.00,0,0
e892b6a6-dc48-4a93-bb0b-edc513d801f4,EMP-0945,Arumugam Aliraj,0.00,0,0
db3be12a-4c19-4395-adaa-cf93bcfe7dcb,EMP-0947,S Jeevani,0.00,0,0
ae1ef793-491a-4e6f-9a2c-18860494f667,EMP-0948,K A Sithmi Shasikala,0.00,0,0
ecf8a6f0-b49a-4c74-9b5f-056992ee4565,EMP-0949,W P Humesha Charuni,0.00,0,0
29e07b4f-451e-4f1c-ab10-b6aecf8a2175,EMP-0950,J P A Luxman Wijewardana,0.00,0,0
be4d6540-64f0-49ce-8335-ed6db56de843,EMP-0951,W.D.N.Sanjeewani Dilrukshi,0.00,0,0
3e450bec-e016-44c5-9eb2-d2c72793c495,EMP-0952,D L Chamari Nirosha Damayanthi,0.00,0,0
0efc0a1a-74c6-4dcf-b40b-70e56a122fa6,EMP-0953,S M Anuradha,0.00,0,0
f7957ea1-6411-4369-9991-e5bff164f742,EMP-0954,K M Sadaruwan Sooroyabandara,0.00,0,0
5bf2c9b9-eb0f-42e2-bf27-1d310ea7d7ca,EMP-0955,R P D H Dulanjana Rajapaksha,0.00,0,0
564cab14-95e2-4cf2-b003-c4360bf35609,EMP-0956,H P Ashoka Priyadarshani,0.00,0,0
f5c36eac-b607-4621-9902-62cab231ff3e,EMP-0957,V G Anusha Priyadarshani,0.00,0,0
043dd132-124e-4d88-a308-bc24c50a4f8a,EMP-0958,G Gayan Sudarshana,0.00,0,0
fbe0a51b-b93b-4875-8b4e-6576785fa1d5,EMP-0959,K G W M Jayasimghe,0.00,0,0
3ae5cbf4-875f-46a9-b963-c2a74c0eb788,EMP-0960,T H Lalitha Surangi,0.00,0,0
b93edc06-c094-49f2-8864-64f86a8ac22c,EMP-0961,R M Nimal Rathnayake,0.00,0,0
5f2a0802-395c-40ab-98c9-853a93d53aad,EMP-0962,P G Hashini Kaushalya,0.00,0,0
f5f44736-993d-4b33-922a-0b62b92cc6a9,EMP-0963,D L Chaminda,0.00,0,0
91f92bb0-d559-4c6d-8da7-85ff0e59344a,EMP-0964,K B Harshika Chathurangi,0.00,0,0
1c7f3c64-5422-48d4-8d51-3ff773cfaf97,EMP-0965,L Gunawathi Fernando,0.00,0,0
eb0c6c7e-b0a6-4858-b56d-af9cef847405,EMP-0966,K.D.I.Sanjeewani,0.00,0,0
4f7e456b-774d-40a5-8c01-9b90e75da446,EMP-0967,D Mirosh Gayan Perera,0.00,0,0
6b79145c-1ca0-45e1-959e-7a3d1ea5242a,EMP-0968,G W Navodika Charitha Kumari,0.00,0,0
c977486b-2cc2-4e55-960c-b9b757701985,EMP-0969,A M Amitha Kumarihami,0.00,0,0
e616228f-2a34-41f0-9548-f83de31231ba,EMP-0970,M Raj Kumar,0.00,0,0
ae177a50-9c36-4f46-a966-b8f51a06562c,EMP-0971,J Pradeeban,0.00,0,0
2f9cc6ca-fac7-4733-9c8d-d9761638877e,EMP-0972,A G C W Kumari Jayarathna,0.00,0,0
7ee6bd04-98c9-442e-923d-a465a3051339,EMP-0973,R M Jeewani Nilanka Rathnayaka,0.00,0,0
8b4ad057-19db-4921-aa4b-e146eab1bc1e,EMP-0974,W A Senura Dilshan,0.00,0,0
442edad9-b437-43f6-a080-a6105d12cc66,EMP-0975,K Roshini Kumari,0.00,0,0
11d0d55d-5fc8-4410-824e-63d60f401ec0,EMP-0976,M.P.Kumari Salgado,0.00,0,0
1a073beb-02ed-4c92-9cc2-6869e90d5a66,EMP-0977,R M S Wasantha Mali,0.00,0,0
5058a9d1-fc98-498d-9d16-305106d93af6,EMP-0978,S M Srimathi Manike,0.00,0,0
0c34676e-6426-4615-8a79-78e386f3dbf6,EMP-0979,R P Jayasinghe,0.00,0,0
7e2d8be9-2386-4b06-bb4e-1f9dabac9266,EMP-0980,G Indika Lakmal Perera,0.00,0,0
43a0df8c-9c41-475b-8764-d884feac49da,EMP-0981,E Danushka Dilhan Premarathna,46200.00,0,0
4bfcd790-fd8f-4fcd-9cf7-ae4f37422d02,EMP-0982,I H Janith Aravinda,0.00,0,0
1a00aad0-d2ee-4895-9771-b45aa603a8c1,EMP-0983,U P Harshani Darmarathna,0.00,0,0
052a5480-7098-44e0-bdb6-ebd25be53a4f,EMP-0984,R A Niroshan Sampath,0.00,0,0
69dcff93-d57f-472d-9467-2840dfcb705f,EMP-0985,R M Udeshika Madumali Rathnayaka,0.00,0,0
dd4981aa-654e-4027-8e06-cafd8ef3f897,EMP-0986,S Priyantha,38800.00,0,0
41ce9920-82f0-4da0-8dfa-5064fb7ef12c,EMP-0987,M Kumara,42000.00,0,0
b160215a-204a-471c-8a6e-441c7f13caf7,EMP-0988,K Ananda,0.00,0,0
524c93f1-e4f9-4d7f-bb98-845e9a01e1fa,EMP-0990,D Prasanna Kumara,0.00,0,0
8c928eed-a5da-42b3-b009-25afcb0f5d12,EMP-0992,M G Peshala Dilrukshi,29700.00,0,0
9eb6f342-135e-4d59-99ef-7a9f7154d6a8,EMP-0993,K P G Fonseka,0.00,0,0
5e9e37c5-08cb-4a28-930f-740a2d950983,EMP-0994,N G W Hemalatha,0.00,0,0
dedc7cf8-e6e6-4765-823e-b08393fdce40,EMP-0995,K D Sanath Pushpakumara,0.00,0,0
642685bf-161f-44a3-ad05-859503d3ce8e,EMP-0996,D Idunil Udayangani,0.00,0,0
6485927b-9cc4-4a47-9b3a-13d2fd898ea8,EMP-0997,W A Thilini Prasadini,0.00,0,0
da1291cc-8ecc-49fe-b5a8-c8ef0450e715,EMP-0998,H A Priyangani,0.00,0,0
4aea4f86-cda3-45f7-82fd-16efead04f2d,EMP-0999,J A C Priyankara,0.00,0,0
ea6e3fa2-2c71-48b0-bb74-bb039fba3b98,EMP-1001,H M Samantha Nilmini,26400.00,0,0
82f1e0f6-a6d9-4e49-9db7-7889fcce4e0c,EMP-1003,W W Sureka Manoli,0.00,0,0
8fc42fc9-d68c-487d-b370-2e97f252c6bf,EMP-1004,A V Gayan Lakmal,0.00,0,0
60689180-1631-46df-977c-4b8a4e6a4255,EMP-1006,K Kosila Madhuhansi,0.00,0,0
d14d111e-1e00-499b-ba3e-525fef6cc14c,EMP-1007,B P Duminda Prasad,0.00,0,0
77ed1a22-be73-415a-a590-049cc0a668eb,EMP-1008,K A Don Gayan Chameera,0.00,0,0
66fd871a-2f67-492d-a6c1-687596592e2d,EMP-1009,Rajendran Wasantha Prabha,0.00,0,0
56f85eac-1559-43db-9524-951af7723143,EMP-1010,J M K P Udayanga Bandara,0.00,0,0
832282c9-635b-4fe9-b25a-f5391135b521,EMP-1011,M G S Lal Rathnayaka,0.00,0,0
c8e18078-e30c-4f44-8b14-d8816a886015,EMP-1012,M D Dimutu Chaturanga,0.00,0,0
1dbbadb9-a959-4a38-9e40-65344bd271a8,EMP-1014,J P D Rohana Jayalath,0.00,0,0
f6b72a78-6007-4508-bb78-d5aeabc42d51,EMP-1015,R A Sarmila Nuwandanee,0.00,0,0
afc64650-e659-4f6b-ac87-30c8e61d3da5,EMP-1016,M R M Malani Rathnayaka,0.00,0,0
048caa40-5026-44b6-8107-ed3b99875864,EMP-1017,D Sadaruwan Wijerathna,0.00,0,0
1ef0510e-0535-4a0f-ab2b-19375c1232fc,EMP-1018,D P D Nihal Saman Pathirana,0.00,0,0
bb2a197b-be39-4d3d-8f3b-7fc8421f4a0b,EMP-1019,R M Samantha,0.00,0,0
74f23ba7-e11b-46a5-8a22-6c0228252e3e,EMP-1020,K R G Madusanka De Silva,0.00,0,0
f878a00f-83b2-4ed5-a587-8bb0eca6c600,EMP-1021,K B W Sumith Kumara,0.00,0,0
6d503ea9-be47-4a9f-ad7b-a9f5ee30e47a,EMP-1022,W M Vijayalakitha,0.00,0,0
39965178-3d81-41ee-9b90-ce75402af2f7,EMP-1023,M P Nirosha Geethani,0.00,0,0
538e36d2-4c9b-4b1a-854d-4472c5b31249,EMP-1024,K A Maheshi Vshwanath,0.00,0,0
0697097d-4251-439d-a476-3bd8764b6efa,EMP-1025,R G Ishara Harshani Randeniya,0.00,0,0
5a286134-23a4-42b4-adcd-ca731fd95cdc,EMP-1026,H Chandrika Samanthi,0.00,0,0
a539801c-ec44-4067-99d0-c12ae1dc78e7,EMP-1027,T G Chamila Airangani,0.00,0,0
cb574feb-1f21-44ce-8385-ec1f7f2e98b3,EMP-1028,Anoma Kumuduni Kalinga,0.00,0,0
b73737ed-440e-44ef-bd23-57698b821483,EMP-1029,O V P Priyanka Sanjeewani,0.00,0,0
391aa576-0dde-4b9c-8c64-49603a651376,EMP-1031,H M Nalaka Kumara,0.00,0,0
52b47edb-ea3f-4fac-99d6-516f699eca2e,EMP-1032,P Lakshani Harshani,0.00,0,0
8ce1bb16-40c9-4961-9b56-f8d6f2f1cb38,EMP-1033,K J Nuwan Sudarshana,0.00,0,0
7c05515e-f654-4a81-a603-1e25e64d0942,EMP-1034,D S Pushpa Ranjani,0.00,0,0
6874c52c-cd58-42b1-b6a5-074711f5e736,EMP-1035,H K Nayana Nilanthi,0.00,0,0
abce73f4-aa3e-42fb-bc31-b9357986d66f,EMP-1036,M M Pushpa Kumari,0.00,0,0
4b3642a6-7596-4971-a3ef-ae1ac840c8ef,EMP-1037,K Pasindu Dilashan,39000.00,0,0
472679b0-6cf5-4e35-a005-a5f707d13138,EMP-1040,A A D Shirani,0.00,0,0
c8b1ebf2-16a6-4896-b509-aaa00e238be1,EMP-1042,N Farina Buhari,0.00,0,0
7a4be9b7-900d-48ea-b6a0-45ebc47d4cab,EMP-1043,K Kalimuththu,0.00,0,0
7c604bde-c165-44c4-9c55-97132fddb66b,EMP-1045,E M Sasanka Hashini,36300.00,0,0
05576261-10e3-4280-ba9c-4ffcafc3ac33,EMP-1046,Shashika Prabath,0.00,0,0
bb31f291-6373-4fd4-b95e-b75a6e4ddbb0,EMP-1048,Hasitha Nilani Hettiarachchi,0.00,0,0
eae03a01-98d9-4b7e-a876-c9e201e6dde5,EMP-1049,D G Shriyani Kumudika,0.00,0,0
1e3c8827-c022-4d23-a0c5-f22c20a5cd4b,EMP-1050,M Sadew Udara Silva,0.00,0,0
1f533a48-32a8-4945-94be-e37168c1f493,EMP-1051,D K Anusha Ranjani,0.00,0,0
05be5413-db20-4358-b9b5-95bdcf353ecd,EMP-1052,K G N Saman Kumara,0.00,0,0
e8dbe0dc-f6f1-4a12-a4f6-f1f9eea396cc,EMP-1053,K D Kasun Priyadarshana,0.00,0,0
c6f2ba08-be35-429b-81e9-5185ae02f9bd,EMP-1054,A M Sakunthala Jayamali,0.00,0,0
b992b484-7607-48ed-b9d8-c5957ae51f2f,EMP-1055,Yvonne Briget Mendis,0.00,0,0
11cc92f3-39d8-4af9-b596-276d3c2ca21e,EMP-1056,J H A G Bandara Mohotti,0.00,0,0
d9358953-56fe-4eb2-b7f9-6ac0a5e57682,EMP-1057,U G Ahesha Dewmini,0.00,0,0
ddbcdada-5bcc-4b90-bf85-6058d65f4623,EMP-1058,K A Nelum Lakmali,0.00,0,0
baa0aa82-7aa3-457e-99ec-bde22a63dfe2,EMP-1059,L Samadhi Thakshila,0.00,0,0
f9f315de-5e5c-47ce-acc4-b43f228dfe79,EMP-1060,D M Ishara Maduwanthi,0.00,0,0
68a20655-1b9c-4b99-9c9b-95b07b4fc302,EMP-1061,U L Udayangani Nalika Damayanthi,23100.00,0,0
285d68b4-51fe-41ae-af83-62184158ae00,EMP-1062,W W V A Deepa Gayani,3000.00,0,0
c22d4fc5-e5b8-4d59-bc44-df20d4636934,EMP-1064,K G C R Pathirana,0.00,0,0
edad7257-2924-4eb7-b28b-7eb9377a5026,EMP-1065,H M Rasika Priyantha,0.00,0,0
d386dd69-e73e-4f29-8278-3b34e23cc0d5,EMP-1067,J N Mary,0.00,0,0
88612c6b-4f24-472e-9b50-a7be78dab51a,EMP-1068,K K Surangi Shashikala,0.00,0,0
5f45c6c6-5c09-4ba3-be03-a462f56aece1,EMP-1069,J M Sanjeewa Prabath,0.00,0,0
8c07a734-894d-418c-9fc3-725281916965,EMP-1070,Lakshitha Lochana Sandeepa,0.00,0,0
672a909f-d563-47d1-bcf1-1a2acb7405d6,EMP-1071,H L Aloka Nethsara,0.00,0,0
a2b22417-8b76-4c75-8e83-cf89e2a03600,EMP-1073,H M Kusumalatha Herath,0.00,0,0
ee3e5d96-5875-4573-8758-5a2653715f7d,EMP-1074,L Kavitha Sanjanee,0.00,0,0
eb70e473-e6e3-4968-adb5-4a89321d33c0,EMP-1076,A H Rasika Kumari,0.00,0,0
83ad0543-4ee2-4c5f-9f47-29db7e62c6a5,EMP-1077,W D Lalani Shyama,3000.00,0,0
c81aae97-b4b6-4a3e-a5db-005c40240abe,EMP-1078,J M Vineetha Nandani,0.00,0,0
52a11f0b-e8a2-4188-b36f-c4f37dad88ea,EMP-1079,W K B P Nuwan Rukshan Fernando,0.00,0,0
909c632f-2da6-4e17-8dd8-25ce7375726e,EMP-1080,G G P Sdamali Gunasinghe,0.00,0,0
77e59413-a07a-45ee-a7a9-191d1e372c90,EMP-1082,K M Dharmarathna Bandra,0.00,0,0
b6f3a74e-1407-481b-b579-d87a55c1aa8d,EMP-1083,H A Suranga Sanjeewa Kumara,0.00,0,0
736c8514-576b-4b82-a32a-0015be19ff94,EMP-1084,W A Thanuja Dasanthi,0.00,0,0
44b845b6-7f15-4f38-93a7-4ca6e4ce3624,EMP-1085,G K Priyadarshani,0.00,0,0
a899b5de-15d0-4888-86cf-d0e166d790fb,EMP-1086,Jayantha Disanayake,0.00,0,0
a99a260f-a0a5-4d59-beb2-7eda3425748d,EMP-1087,D M P Harshani Kumari,0.00,0,0
e0b8443e-14c3-4b52-9b57-97eb9cb3df08,EMP-1088,K K Suwarna Dimuthu,0.00,0,0
6a7abbc3-ab10-40f7-a065-52005f0ee5fa,EMP-1089,A Wasanthi Dileka,0.00,0,0
a864ccc8-bac4-4123-afd9-3de9632f985f,EMP-1090,P H D Lakmal,0.00,0,0
60dd492e-45e3-4f94-9d39-2aa048ee6e35,EMP-1091,Nethmi Diana Kumari,0.00,0,0
10710bdf-a607-438f-b5d8-0b53631ff204,EMP-1092,M H M Hasant,0.00,0,0
69703381-a0f8-49aa-b366-bb2553fa5dca,EMP-1093,G M Dilka Rangani,0.00,0,0
94e90896-d63d-4221-9341-b0ea7f5630cd,EMP-1094,R D Nilani Thusharika,0.00,0,0
d2401e9b-3e51-4329-9f19-bb0b877221d3,EMP-1095,S M Hashini Upeksha,0.00,0,0
71a99fdf-4662-4de2-8915-6a826f2af86e,EMP-1096,E M Anuradha Sankapali,0.00,0,0
f42374b2-967e-4976-862e-699bae3fd293,EMP-1097,Anoma Geethani Marasinghe,0.00,0,0
e3b3551b-d1e6-4fc7-ba56-d5ffa14dd2b7,EMP-1098,C B Nipul Darmawardana,16500.00,0,0
0405a39c-1939-47d0-8ba0-346f37b1fa4e,EMP-1099,M M Saman Kumara,0.00,0,0
15bfe959-3e63-4c3b-b01e-498b946d5c34,EMP-1100,M P Anura Ranjith Premathilaka,0.00,0,0
64c05ecf-3206-4eef-93b5-2b7e1e7fd326,EMP-1101,W P Jayanthi Somapala,0.00,0,0
0d1319d3-1c61-46ee-8c29-24b478172fbf,EMP-1102,J H Samanthi,0.00,0,0
18e28ade-f1d3-4061-9bb2-7bfeaf088ceb,EMP-1103,R M Erandika Malkanthi,0.00,0,0
b5360fce-9e30-4387-b3bc-2a73178269d5,EMP-1104,R M Ajantha Rathnayake,0.00,0,0
503edfb8-51f8-4f95-8170-9208fc1b03fb,EMP-1105,N G Chandra Kumari,0.00,0,0
25a5c3be-f999-48e2-8e4b-1ff8160a60f9,EMP-1107,K H Saman Kumarasiri,0.00,0,0
e5976661-9381-48e6-aadb-e148efb834e7,EMP-1108,H M Nuwan Sahan Senawirathna,0.00,0,0
0c21ece8-327a-4a03-b44a-bf4dfd6547c1,EMP-1109,R Deepika Ranaweera,0.00,0,0
bbf3191e-74a7-40d7-a23a-e30a4fd5e173,EMP-1110,Pethum Wikasitha,0.00,0,0
6ce9b209-d313-4bb2-a6db-79205447e55d,EMP-1111,K Shane Pereira,49500.00,0,0
d178228c-20c0-4d57-a0b1-bf0ac9df2100,EMP-1112,G Puwaneshwaran,0.00,0,0
32cc6270-4526-4f43-a0df-fe045eaaea5a,EMP-1113,W A Chandrika Kumari,0.00,0,0
af04b74e-85cf-4d4a-b06b-b70125be9d27,EMP-1114,R P D Dammika Sanjeewa,0.00,0,0
f29392ef-4bbd-4037-9d42-0407b039c74e,EMP-1115,D M Chandra Disanayake,0.00,0,0
9bc0b2d9-bcd7-4a88-ad8a-d0cb4b83dd8d,EMP-1116,M M Anusha Sewwandi,0.00,0,0
ea69638d-7f93-4286-8134-49e98a4860e8,EMP-1117,P L Renuka Kumari,0.00,0,0
e3a788f6-d172-4c79-b313-ab6c72ff7a09,EMP-1119,K H Titus Wishwanath De Silva,0.00,0,0
7908d784-7b28-4225-82cc-9d4f6dbf8da4,EMP-1120,K L Gilma Priyangani,0.00,0,0
ed1ba2bc-a653-4924-9683-e380de7cb0b7,EMP-1121,M M Jayan Priyanga,0.00,0,0
2593223b-afaf-4ce2-989e-5c0d0f2625c4,EMP-1122,D G Isiwara Niwanthaka,0.00,0,0
975f0270-4417-4171-a86c-a8c76f7232b4,EMP-1123,D R Darshana Anushka Bandara,0.00,0,0
2c0b62e6-5d2a-48e5-b1d9-9913b0678156,EMP-1124,S A Anurudda Mewan,0.00,0,0
27954481-3a38-4d46-80a5-d2d73030c3bd,EMP-1125,Yh P Dulanjali Chathurani,0.00,0,0
f790214a-1463-4857-9e04-c08673b047fe,EMP-1126,W A Sithara Priyadarshani,0.00,0,0
e8777526-e1dc-442e-8544-ea940b60fb2f,EMP-1127,A W Mahesh Ishara  Jayathilake,0.00,0,0
a31c540a-c795-481f-b125-50ae1b6d21c7,EMP-1128,D M G Sisira Kumara,0.00,0,0
9c61256b-dbd2-4f35-82ba-844cf4bbc4f5,EMP-1129,D M Tharanga Disanayake,0.00,0,0
f459948f-5e4e-4be2-9132-dafe37fddfa0,EMP-1130,P Sadeema Priyankara,0.00,0,0
4b4ab175-1bf7-4603-929a-e455813d5340,EMP-1131,W R M Sunethra Wijesinghe,0.00,0,0
757a1f7a-d27a-49e7-a81a-72361f35e176,EMP-1132,Nadeesha Madubashini,0.00,0,0
b176e5a6-46f6-4945-ac4d-54bf44bd056d,EMP-1133,P Suresh Perera,0.00,0,0
0ac975ed-a169-4e57-9824-13f27d9147cd,EMP-1135,H H M T Hiruni Dulanjali,0.00,0,0
fcb911e9-ea13-4616-bffc-61c52747e472,EMP-1136,H A D Sinthiya Helan Shanaki,0.00,0,0
07931ea6-b28f-46d1-a482-cce4b9c2805a,EMP-1137,W M Sisira Kumara,0.00,0,0
3220d14d-8267-4b88-af42-dd33cff4df1d,EMP-1138,M P Indika Thushara,0.00,0,0
79ebb5f5-fabf-4eda-af64-33f9c2947635,EMP-1139,K A Amali Chamika Priyadarshani,0.00,0,0
d6d58043-5531-442d-ae55-d63e49dd6913,EMP-1140,H Nilmini Sandya Kumari,0.00,0,0
ff9d6b72-296c-4485-a3b1-a3e7b4dc1f28,EMP-1141,A A Nilanganee Aththanayake,0.00,0,0
563049c7-fb31-4ffc-b44e-839e97c9e07d,EMP-1142,D Imesh Sachintha Senadeera,0.00,0,0
e1198cba-764b-401a-a8bd-7cbe321457e1,EMP-1143,W H M Sunil Wikramasinghe,0.00,0,0
13270fe6-e868-4e04-914b-580d9adb448d,EMP-1144,K M Saman Kumara,0.00,0,0
4d6e5ba0-e273-4818-87b9-3797373a3f9d,EMP-1146,S J Pramuditha Priyantha,0.00,0,0
4e4a9bee-a033-4fd9-a4cd-47d2828b09dd,EMP-1147,R M Nirasha Rasanjalee,0.00,0,0
fd5a42f4-5833-49fe-8eb7-6eb201d7bcbb,EMP-1148,H Thilak Kumara,0.00,0,0
b113b687-c787-41f1-977a-2410fd3f316b,EMP-1149,D G Achala Sewwandi Kumari,0.00,0,0
ac0de0c1-10bd-4f51-bf25-7d83f4718b5a,EMP-1150,J M D Sampath Sandunsiri,0.00,0,0
00eeeea2-3f86-4619-bdf3-c70c012b314e,EMP-1151,K M Nimesha Sewwandi,0.00,0,0
5a0d242c-f07c-46bd-b0f1-ec81d5278aa5,EMP-1152,K Nishshanka Premaratne,0.00,0,0
a39ed979-5661-4649-bb0a-2c5ef42fee79,EMP-1154,S P Thilani Lakmali Silwa,0.00,0,0
193c1053-2743-4e7b-8b2e-27f9bfd9c6dc,EMP-1155,S P Renuka Damayanthi,0.00,0,0
a649f6d2-e356-49c4-9d66-fe2472858290,EMP-1156,P K S Imesha Prasadi,0.00,0,0
5907db9b-cc83-4f77-822b-1ba361f2bf6a,EMP-1158,C W A N W M M Kumari Koswatta,0.00,0,0
54283376-2604-4021-8784-bdb56010a9fe,EMP-1159,J M Inoka Nilmini Rajapaksha,0.00,0,0
ffe5ecf1-f526-41fc-a2ea-f984acc055b2,EMP-1160,Geethika Sandamali,0.00,0,0
198bfc80-80d6-4517-a97f-b5120090af0d,EMP-1161,Achala Kumari,0.00,0,0
70d44880-987e-4727-8ced-9a6715ec5e5e,EMP-1162,W S Chandrawathi,0.00,0,0
cf4c95f7-f4c7-4fd1-ad62-206caf54eb5e,EMP-1163,W B  Siriyawathi,0.00,0,0
205621e4-c064-4718-a20f-882a642d3db0,EMP-1164,S Chandramogam,0.00,0,0
620f8af9-803d-42cf-8941-4e382fb67870,EMP-1165,R M Ajith Prasanna,0.00,0,0
6abe8589-2f8b-432b-80bb-70f81425b6a6,EMP-1167,K N Sriyalatha,0.00,0,0
1afe52f4-845b-4c3f-bb8b-3afb013f227f,EMP-1168,D Prmalatha Ranasinghe,0.00,0,0
d57251a7-45d2-4bbb-a921-f84f058a92c3,EMP-1169,H Nilanthi,0.00,0,0
0c422c7d-e7ff-4a6a-951e-9678eb7eece5,EMP-1170,D G Niranjala Malkanthi,0.00,0,0
9ce845ae-0b73-403e-bf10-3a641fe002b3,EMP-1171,S T Sarath,0.00,0,0
2b3ff92d-ba1a-4882-936b-65db7928f104,EMP-1173,G A Achini Kavya,0.00,0,0
7438e865-39da-4fe5-9bd6-fc128e4c5ae7,EMP-1174,A Chathuranga Suresh,0.00,0,0
16ccb2c3-9c25-40ff-a085-1ff0c1994c2a,EMP-1175,V Nilanthi,45000.00,0,0
39ad7851-603b-47e4-9334-7d2ce73316c1,EMP-1176,R S Utrani Suboda,0.00,0,0
c7da2b2c-bd6c-4a71-8174-4fd96c0194b2,EMP-1178,T M Thushara Thennakon,0.00,0,0
1397e582-e4f4-41b7-b156-1fe5a1faeb3a,EMP-1180,Nayana Sugandi,0.00,0,0
07ee7bca-a5c7-4d2d-95dc-46c81066c5c5,EMP-1181,G Isuru Priyamantha,0.00,0,0
be34ac13-61cd-4e21-9a68-f64926c7f12d,EMP-1182,J M Jagath Jayasiri,0.00,0,0
6fa75658-0b3f-429f-99e2-16e4e49bdf1f,EMP-1183,H S Ramya Gunathilake,0.00,0,0
879fec31-cd92-4d00-a5cc-e4d00162cdab,EMP-1184,G A Lahiru Chamath,0.00,0,0
bdf7cb57-f624-45ba-9256-da890960360b,EMP-1185,M H M Rajitha Prasad,0.00,0,0
cdf662fb-561c-466a-aaf6-ba8de10c52a9,EMP-1186,K P Gayani Devika De Silva,0.00,0,0
fa317302-ea19-45d8-a5c0-5c04278b358c,EMP-1187,V D Thusahri Geethani,0.00,0,0
61bb9e0e-349e-4ee0-9429-740d621a3c05,EMP-1188,W M Dilani Niruddika,0.00,0,0
770416ab-e6f2-4095-bc75-e8c1c1045211,EMP-1189,S T K S M Wijewardane,0.00,0,0
d854ef20-9e02-4a42-954c-e241a642be62,EMP-1190,Vidusha Nethmini Kahingala,0.00,0,0
142f383f-24dd-476c-8f00-4157eb214aec,EMP-1191,Umasha Madumini Sewwandi,0.00,0,0
f5884f1e-3851-4d8e-b160-0064479e2075,EMP-1192,D Rumesh Pathum Wijesinghe,0.00,0,0
b4fcd9cc-d0f7-4f71-8a0e-286fe1226006,EMP-1194,M A Thimira Nilushan,0.00,0,0
30b3b1a1-a0f8-49fb-b4a1-ceab46b35883,EMP-1195,K M Mahesh Eranga,0.00,0,0
06722760-df6e-4dc4-9bf3-1505bec3cb74,EMP-1196,W B M Sampath Wijekoon,0.00,0,0
5703b19a-a3a1-499a-8f24-449b02f03edd,EMP-1197,R A Chaturanga,0.00,0,0
46afefa3-7555-455c-9d6d-3444fc0a884a,EMP-1199,R P Keerthi Jayalal,0.00,0,0
af88b4ac-d330-45b1-a0b8-4fda03826994,EMP-1200,Sujatha Indrani,0.00,0,0
34583282-21f4-49e8-8164-bfb38e78a443,EMP-1201,R A Kaveesha,0.00,0,0
7afff574-eba1-461b-b23f-bc587c81dfe3,EMP-1203,K D N Iroshan,0.00,0,0
25d22902-0ec2-437d-b80f-02eded2fc07c,EMP-1205,H M Ruwan Chamara,0.00,0,0
9ec1b538-017f-4676-acea-7bdd596dcf11,EMP-1207,B Subadra Dammika,0.00,0,0
a99ed135-e4d2-4774-a1c5-f9afe0f25771,EMP-1208,W M Jayarathne,0.00,0,0
6551e7bd-9cd9-4888-84d0-73db0b4f15ae,EMP-1209,M Darshana Sumal Wijesena,49500.00,0,0
4405ac71-b6bd-4bc4-a2a5-c5e79f57e8f6,EMP-1210,A G Dilan Udara Methsiri,0.00,0,0
57002778-a634-4ce0-970f-bc895a187cee,EMP-1211,D Darshini,0.00,0,0
565c1555-4d85-42ae-9336-84be9d5a2029,EMP-1212,Madhara Kumari,0.00,0,0
f79f811d-013d-491d-a544-08d6f3b0b7ab,EMP-1213,Jayaweerage Sanjeewani,0.00,0,0
184eaea4-6277-45cd-9422-de7f846010bd,EMP-1214,W M Wimalawathi,0.00,0,0
2e004e1c-4335-4a25-b936-3f7d6bc1bdf9,EMP-1215,D G Sameera Nuwan,0.00,0,0
b803c4fe-5ac5-4d82-a432-06bf3cee68b4,EMP-1216,W M Malani Premalatha,46200.00,0,0
a2f4f1e7-1f83-4044-aead-0d254693b9ea,EMP-1217,R P Ishan Malinga,0.00,0,0
e1e36d74-0bd8-4c45-9638-09c102f75ee1,EMP-1218,M Heshani Prabashika,0.00,0,0
eb42c294-055c-47f7-9549-6e396024bf69,EMP-1219,U Swarnalatha Malkanthi,0.00,0,0
c92c8502-d069-4a38-8d10-30472955854a,EMP-1220,P Udaya Kumar,0.00,0,0
669fe482-63c0-4310-b622-a7c11871997f,EMP-1221,M A Kavishka Deshan,46200.00,0,0
f2b63117-3d7e-4bd4-a2a3-678039da70b6,EMP-1222,R A Inoka Jayaneththi,0.00,0,0
aa69d13d-8935-4d54-a44c-329f83b38b3a,EMP-1223,C M Pathum Kaveendra,0.00,0,0
c6295c89-f533-4753-bedc-8217a9a1a8d4,EMP-1224,M Sachini Saheera Malwilage,0.00,0,0
4663a581-d62e-409f-978a-02726b180aaf,EMP-1225,R P Wayalet Fernado,0.00,0,0
52f2e4d9-1708-424f-842f-925692038661,EMP-1226,K D Anushka,0.00,0,0
5323d988-dfb7-4daa-bbf8-c01f68d0af70,EMP-1227,S M Dilani Mallika,0.00,0,0
9ce2bbc5-85e1-4dae-8fc0-2569e34e66dd,EMP-1229,A A Nadeeka Sanjeewani,0.00,0,0
9d4453b1-ee6d-47aa-a9c7-c4caf64c0222,EMP-1230,K Nadeeka Shiromalee Fernando,30000.00,0,0
26a12583-7fa7-4863-a538-bb572a7763f7,EMP-1231,L Y Lalitha Manel Kumari,0.00,0,0
0a28d8df-37db-413c-84c3-b40d85c04d03,EMP-1232,U G Chandra Kumari,0.00,0,0
c6d969ec-66c9-436a-8792-7d242c25730f,EMP-1233,N Siriyawathi,0.00,0,0
7c4332dd-22b5-4f37-b114-94463fe8b4da,EMP-1234,A W Priyangika,0.00,0,0
fcaad491-2106-4c42-8e9b-7a09fa1323ad,EMP-1235,B M Geetha Pathmini,0.00,0,0
94b4b7e8-3d61-4db4-a112-2764b068b0d5,EMP-1236,K Sanduni Wasana,0.00,0,0
6de8f276-6da2-4843-8264-2b2478a23406,EMP-1237,A R Dishani Kumari,0.00,0,0
ce785334-8b6a-4dca-8dfc-92091bcbd246,EMP-1238,K L Saman Kalinga,0.00,0,0
20577525-c096-4e2b-b959-9afe0168b93a,EMP-1239,T M Fisal Garsi,0.00,0,0
f4fef93f-4814-4ad9-929f-b896632153bd,EMP-1240,B A Dinithi Kusum,0.00,0,0
f8b161d8-d5d0-47da-99cd-7319222642b5,EMP-1241,K A Dayawathi,0.00,0,0
76979c6d-daf4-4ce2-8145-d1ca420bb7e3,EMP-1242,Chandani Priyadarshani,0.00,0,0
b6f671c3-7f5f-4217-bfaf-bf6cfc9c9eb3,EMP-1243,D Mohan Raj,0.00,0,0
1d61dc4c-2d1e-49e1-8581-718a065f2e59,EMP-1244,T K Damayanthi,0.00,0,0
d177ca0c-2323-4f9c-8815-fd8451d2eee7,EMP-1245,W H M Podimhattaya,0.00,0,0
711c1d57-3acf-43cc-a6c6-f0e937f10ce1,EMP-1246,K A Nethmi Kaushalya,0.00,0,0
38a01376-056f-4107-bfd2-9d1d095ad3dd,EMP-1247,M K Thilini Kanchana Wimalasena,0.00,0,0
6ca203c0-f774-447d-af31-50e7a7ef52db,EMP-1248,H Yohan Kavidu,0.00,0,0
2e1a5675-b51e-4cc4-b199-87173e041bda,EMP-1249,M Luxman Saman Kumara,0.00,0,0
d9219e29-1701-442a-9019-fc475a56dc94,EMP-1250,Nissanka Sadakelum,0.00,0,0
40cf457a-b831-4573-9cc2-3fa2bcc89ae9,EMP-1251,S M Mohamed,0.00,0,0
4cce0203-061b-4c4d-a570-742d106b0f17,EMP-1252,K G Sujeewa Kumarathumga,0.00,0,0
dea35135-a9b4-40d2-b5f4-76771708a988,EMP-1253,M A Sagarika Lakmali,0.00,0,0
1d0f938f-5c36-419f-b002-b3afd6e24ab7,EMP-1254,K P R H Udaya Kelum Dias,0.00,0,0
f436adbb-bac0-4fac-a446-1bb3d3abbcc0,EMP-1255,K D M Duminda Bandara,0.00,0,0
5607351f-ce52-4e77-80d7-4671f3fc4a2b,EMP-1256,M G Udeni Damayanthi,0.00,0,0
7d0a1b14-0b10-47f8-855f-969d97087c0f,EMP-1258,K E Renuka,0.00,0,0
6786ae36-800f-43db-bc11-47a3b6f820d4,EMP-1259,S.P.G.Rohitha Wikramasingha,0.00,0,0
57ce5c61-f96b-43c1-a5c2-1b4bef2b2992,EMP-1260,R.P.Kapila Kumara,0.00,0,0
49ad53eb-19bd-4ea6-93be-3a8c13acd1b5,EMP-1261,R.M.Mallika Malkanthi,0.00,0,0
2c01dd61-ea73-48eb-ac95-0b623a0afde1,EMP-1262,P.A.Sumith Pushpakumara,0.00,0,0
8ce721bf-65a6-48f3-8544-a9d9923a24dc,EMP-1263,K.A.Chamudika Nishadi,0.00,0,0
a2b210af-89a3-4a2f-811e-fd78828c46a6,EMP-1264,E.D.Wasanthi Kumari,0.00,0,0
2c259abc-507a-4e3f-81db-f0055167615b,EMP-1265,S.Rumesha Sadamali,0.00,0,0
00c395a4-546a-4f25-8818-3cff9d02ebfa,EMP-1266,D V P Wniluka Shanthi,0.00,0,0
c3bb71f5-f1ac-4672-902f-08b99105456c,EMP-1267,K.Lasangika,0.00,0,0
fc83af5c-929e-462a-be2e-b524e4d05f95,EMP-1268,S.Mugundani,0.00,0,0
1af70190-1909-45c1-8154-0040a8aec7aa,EMP-1269,H.M.Thusitha Pushpakumara,0.00,0,0
8723028a-010f-4b10-94d4-148402f056ca,EMP-1270,D.M.Wijesingha,0.00,0,0
ef4a132a-1240-4ac8-8876-f3bd667f0466,EMP-1271,S.M.Seetha Kumari,0.00,0,0
2cbd708b-5ca0-4ed9-9ee9-01917477c3f2,EMP-1273,M.Sameera Lakshan,0.00,0,0
9c7f2689-006a-4412-af54-42e30aabc1e9,EMP-1274,G.Madusha,0.00,0,0
eb360aa6-f04f-48fa-bd16-b6fb5ad99e25,EMP-1275,U.Niluka Sanjeewani,0.00,0,0
18298fe3-5a7b-470b-849e-93b1fc9ac40a,EMP-1276,D.K.Dulmi Pabosha,0.00,0,0
06309d73-ffff-457f-82db-d0fc4a528587,EMP-1277,S.M.Shanthi,0.00,0,0
cb33dd37-f298-427f-824d-e1711b18294c,EMP-1278,M.Thakshila Saduni,0.00,0,0
94060bcb-fa58-42ad-949f-e9885d05eafb,EMP-1279,R.M.Pushpa Airangani,0.00,0,0
eaa5c615-f005-4b2e-8452-20d2b56c1a3f,EMP-1280,W.M.Hirushi Dilanka,0.00,0,0
fa66c849-bb38-4d84-9ed9-de45d7b8998b,EMP-1281,L.A.Kumari Liyanage,0.00,0,0
f89565b8-7d1d-4ab1-ae1f-a93e6c19b260,EMP-1282,T L Sandya Kumari,0.00,0,0
117c06f5-97b7-4d7d-9945-8188192191f3,EMP-1283,P N Champika Senanayake,0.00,0,0
a1a8ce95-47d8-4eb2-9c8f-993e1e53b79c,EMP-1285,W Chaminda Priyadarshana,0.00,0,0
704ff874-6d77-4760-8e8e-2ef1b9910758,EMP-1286,A H M Nilanthi Abesinghe,0.00,0,0
8d13d313-9d3e-460d-b6b5-80c7b3ac7bd3,EMP-1287,M A Shriyani Malkanthi,0.00,0,0
72b441e3-2876-4273-a8f5-ca634daf4bca,EMP-1288,P M Iroshini Damayanthi,0.00,0,0
af908fc2-f4c7-473a-9436-f9541309b9c3,EMP-1289,W.M.Manel Wanninayaka,0.00,0,0
a2075513-5392-49b3-8e30-9c8fb2dcd6c7,EMP-1290,P.W.Roshani Kumari Palipana,0.00,0,0
c5ae8100-c524-4a5f-bd1c-b63596680f9d,EMP-1291,L H Ganalatha,0.00,0,0
2b22c957-5517-4924-a946-70e99b92ef96,EMP-1292,S Amarakon Disanayake,0.00,0,0
3785a005-7ee7-47b6-829e-076574b1dc19,EMP-1293,M.K.R.A.W.Sunethra Podimanike,0.00,0,0
2ccbee83-a8e8-4e4f-a61d-d2511784a2a9,EMP-1294,W.M.Kasuni Prabodika Weerasingha,0.00,0,0
8a688dc7-dc8b-40df-8098-ffb963ec4c28,EMP-1295,D.G.Jeewa Kumari,0.00,0,0
8260c1a6-328f-4b60-b04b-c72b8f1a763b,EMP-1296,W.Saduni Sewwandi,0.00,0,0
1e2945bd-4ba8-4493-afb9-59b21b108d82,EMP-1297,P M Ajith Kumara,0.00,0,0
d303ef14-cccb-4e03-bf02-85c09d7b022e,EMP-1298,L A Nirasha Madushani,0.00,0,0
b5f34346-26af-4d58-a7df-ee031dccdd5e,EMP-1299,Sundaram Sumithra,0.00,0,0
5f32e0ad-7dd0-4c67-820e-0e32f595d58d,EMP-1300,P K Deepika Damayanthi,0.00,0,0
0511e9cf-5932-472a-a671-291fa36fcffb,EMP-1301,H.A.M.Thaveesha Samaranayaka,0.00,0,0
403ceed7-1d18-4bd0-a6d4-b7140d7b1167,EMP-1302,W.M.Niluka,42000.00,0,0
719ff736-8947-4d37-a7db-aba0c83d054e,EMP-1303,W G Nethmi Chamodya,0.00,0,0
36acf88a-e6b0-4df3-94fe-0f9f46ae92d6,EMP-1304,Priyavi Chandani,0.00,0,0
09f52e8c-9642-4960-9ca3-2948a4a6c5b6,EMP-1305,Chaminda Irosh Pushpakumara,0.00,0,0
94d76792-ad58-4f23-ac5d-4809fe6825c4,EMP-1308,S M Premasinghe,0.00,0,0
22799312-2711-4767-98eb-5558e6c2462a,EMP-1309,R M Hashan Pradeep,0.00,0,0
16fd8984-089a-478f-9c85-199ca7ca34fc,EMP-1310,D H Senuri Chethana,0.00,0,0
8c21beb8-7ca9-41b8-83e7-a9408827a870,EMP-1311,K G Dinusha Chandani,0.00,0,0
bfea8772-b691-4411-b909-21cc50a68e16,EMP-1312,P.H.Anjalee Nimalsha,0.00,0,0
fb91454a-f666-4dbc-ab05-9ffcd95e3d88,EMP-1313,P Dayananda,0.00,0,0
7827b582-bfd9-4fa3-b2b3-86cc636ea38b,EMP-1314,K.G.A.Anusha Udayangani,0.00,0,0
a69c8860-63fe-4e41-9892-9862807e8f55,EMP-1315,H A Vinod Prabashwara,0.00,0,0
7c647ff9-fa4d-408c-afa7-a3ebe8c9b393,EMP-1316,J P Roshitha Madhushanka,0.00,0,0
919b332c-4544-4ef1-b50b-5d32c284fac7,EMP-1317,P B Chamila Nilanthi Dharmasena,0.00,0,0
b072cd5f-04b0-4188-8a95-5bce6085597c,EMP-1318,J A Aknes Gnanawathi,0.00,0,0
beb0ef0a-68ca-45b1-926e-a6468c5a7a01,EMP-1319,B Pungavanam,0.00,0,0
62f4ec6c-d282-4b91-b6c1-df3c69e50288,EMP-1320,S K Kaushalya Madhuwanthi,0.00,0,0
a263c9a4-84c5-4855-9ac5-aee7d5b5747f,EMP-1321,P M Malinda Sanjula Lakshan,0.00,0,0
ea7806a0-1d6f-4c2f-b1c5-b7ec2e5119b0,EMP-1322,T Deepika Gangani,0.00,0,0
021ae69b-b8b6-47ca-bb87-aafe60f49580,EMP-1323,D M Sashini Madhushika,0.00,0,0
edafdd48-1692-4a84-af1a-8f6677b24076,EMP-1324,E Ayomi Lakmali,0.00,0,0
946e05a1-e0c0-4418-ac12-b7a55d214761,EMP-1325,J M Lakshika Samadi,45000.00,0,0
3e01f70d-57b3-41d4-96d1-6ec06928dd80,EMP-1326,N P Kavindu,0.00,0,0
5e364aca-bb28-4a23-b8f1-b1dd494192b7,EMP-1327,K M Manoj Chathuranga,0.00,0,0
1792d6a3-c460-4ae4-aa05-c2e906f56328,EMP-1328,S Ranjith Kumara,0.00,0,0
5aeb6f97-075f-4dbc-865a-d4d97dfe75ce,EMP-1329,S Sunethra Kanthi,0.00,0,0
4a33ed2a-b6f8-44b5-9a98-74177c14143d,EMP-1330,D G G Suranjani Kumari,0.00,0,0
6bd76458-288b-42c9-bdff-9b9f164d4be3,EMP-1331,H A Chandani Nilmini,0.00,0,0
8704acdf-2d20-446e-bdc5-83b60035fed9,EMP-1332,H.K.Nadeesha Chathurangi,0.00,0,0
74bde14b-88b3-4006-a82f-e1494c88502b,EMP-1334,S.M.Mangalika Kumari,0.00,0,0
09a28cc1-0a79-4f35-b0cc-6b3fd11bfb29,EMP-1335,H.M.Chulani Kumari Herath,0.00,0,0
06f1796a-2749-44e4-bd3e-00a7b1326052,EMP-1336,K P D Banuka Thekshana,0.00,0,0
d54f0f6a-e537-4068-9d62-2f07a0c40547,EMP-1337,A M N Chathuranga Bandara ,49500.00,0,0
85357fa8-d2b8-44f1-90bc-fb3f05708b6c,EMP-1338,B.Sewmini Shashikala Dilrukshi,0.00,0,0
c2a7b71c-8f63-49d7-ba9d-cf30170ea0f3,EMP-1339,P Kasuni Kawshalya,0.00,0,0
2b2fb3d5-dab1-4777-85d4-18f42ccdfcee,EMP-1340,H M D Lalitha Kumarihami,0.00,0,0
2fc2ea41-d19c-4e8a-9cb7-dd99e5e67446,EMP-1341,W M Thilakarathne,0.00,0,0
29075f44-4807-4343-9de2-d1cdee3e3e26,EMP-1342,D.G.Dinushika,0.00,0,0
5b9bbc65-552c-4ff5-b9b8-2b730042f580,EMP-1343,J.M.Niluka Sanjeewani,0.00,0,0
47a8d2b9-a8c9-454b-97ce-3d517eef9758,EMP-1344,U.B.Bhanuka,0.00,0,0
754c02ab-2ca5-454e-bf5f-35e446e62840,EMP-1345,K.M.Kumuduni Yamuna,0.00,0,0
3280307d-1507-4d63-a545-5ed5d01c4fcd,EMP-1347,Stanly Nidana,0.00,0,0
692bbe17-dfd9-43c4-aac2-ad4ad6b50f4e,EMP-1348,W.Nithyawani,0.00,0,0
60636d29-e267-46e2-8acc-c75328ac655b,EMP-1349,Mohan Niroshan,0.00,0,0
316d9bc3-d897-44c7-8c14-5f442fab12a4,EMP-1350,J.A.Chinthaka Ruwan Jayawardana,0.00,0,0
839a8d36-8589-44af-adf9-ce834d4495a3,EMP-1351,P M B Shrimali Dammika,0.00,0,0
63309b89-488d-421d-8a88-65172c62d4dd,EMP-1352,Sanjeewani Vijewardhena,0.00,0,0
da75003b-db79-499f-9def-0ba880425c75,EMP-1353,B G Niluka Priyadarshani,0.00,0,0
53b35a09-46fe-4f00-955a-b9e57837fd45,EMP-1354,Jagath Hemantha,0.00,0,0
e5ef46e8-be56-4c9a-b73d-67fe66b7f9eb,EMP-1355,Ramaiya Nirmala,39800.00,0,0
e5b4e5c7-b8d4-45c8-934b-a53f700b13cb,EMP-1356,A.Premawathi,0.00,0,0
7a0541a1-5059-4c1d-8f25-9a0f3e904b83,EMP-1357,T.B.Ajith Priyashantha Jayawardana,0.00,0,0
552fdc67-e403-4358-a6a4-332bdbda0cc1,EMP-1358,R.D.Premarathna,0.00,0,0
bae83eba-2a2b-4d6c-93ec-9422f8d6546a,EMP-1359,W.Mahesha Madhubhashini,0.00,0,0
7d1eec54-2bea-498f-9514-1ff969df9c74,EMP-1360,Harsha Manju Kumari,0.00,0,0
ba84194b-68f6-4fcc-86d7-9650b32872ec,EMP-1361,D.M.Kelum Samanatha Priyadarshana,0.00,0,0
711e4643-6f9c-4c9d-966d-511cd1b0c910,EMP-1362,G.H.Dhammika,0.00,0,0
9cb2f2ce-c66d-4088-9bfb-17af75e84700,EMP-1363,D.M.Wijerathna Manike,0.00,0,0
eebc8466-0076-40aa-9e18-a54550c7b963,EMP-1364,G.M.Wimalarathna,42000.00,0,0
7a9a99fd-997e-42b8-a121-6497ead97b81,EMP-1366,P Niranjani,0.00,0,0
23eb5279-b913-4ff0-920b-0e4960588d4d,EMP-1367,K.D.Nethmi Anjalee,0.00,0,0
da721b66-1bcb-41c2-a3e9-e1e5a8f7d6bd,EMP-1368,M.N. Sithara Wijerathne,0.00,0,0
a3d19a0b-0766-4f72-a734-8a7e51ec569b,EMP-1369,S.Kawshalya Chathurani,0.00,0,0
49fb79fd-9930-4976-9489-cb3e00ecf846,EMP-1370,H.M. Achintha Tharaka,0.00,0,0
db65e850-beec-418d-b7bc-99563e28d4da,EMP-1371,H U Sewmini Lakshani,0.00,0,0
46281fed-aa64-4fd9-ba77-c9ad7047a7a2,EMP-1372,S.M.Ramani Suraweera,0.00,0,0
c5c89e2c-b568-46aa-bf58-48b6be2134cb,EMP-1373,D.U.Thakshila Maduwanthi,0.00,0,0
f9ba11c1-4019-4983-b7e1-dc4f48ce6011,EMP-1374,W. Ruwani Malika,0.00,0,0
3cb40288-5500-4e94-9f58-e3bbde0f4beb,EMP-1375,Danasiri Thennakon,0.00,0,0
5ec8a7bc-74c7-46d2-9e2b-8c15dd8c5f7b,EMP-1376,W.H.Samanthi Dilrukshi,0.00,0,0
1b23d52c-1449-49e4-8c8e-2eb2592036ec,EMP-1378,K.M.Chathurika Dilhani,0.00,0,0
ac6e26d6-08ac-4843-8019-eb5a9b2bbdf5,EMP-1379,Srimathi Wickramasinghe,0.00,0,0
6130f504-6cb3-4131-a6c7-baf5cab5c6bb,EMP-1380,R.V. Darshani,0.00,0,0
10001d63-0271-4c41-b7a2-9d452eb96665,EMP-1381,R.Nanasawundari,0.00,0,0
14605420-3216-4555-b3ad-9d80a35e7ce2,EMP-1383,K.P.G .Malki Diviyanjali,0.00,0,0
6fcf8293-a0a2-434d-93da-47928e99229d,EMP-1384,H.P.Chandrakanthi Somalatha,0.00,0,0
c6b38fcf-73f7-47c6-9375-99073a1ce09b,EMP-1385,R.P.D.Chandarawathi,0.00,0,0
b7894f08-bc99-4e64-89b7-e2336416703a,EMP-1386,R.D.Leelawathi,0.00,0,0
c03783af-cb7a-4868-8ccb-2bebd80fb31f,EMP-1387,Ramar Dewa Raj,0.00,0,0
3375adc1-cf78-4a1d-8ab5-83eeebcaa245,EMP-1388,J Shiroka,0.00,0,0
6e74c34a-401f-492e-a99a-f5dc512bcd24,EMP-1389,K.M. Dulaj Puthum Lakranga,0.00,0,0
1f4881d4-33b8-4add-b2cf-2986f5a49aab,EMP-1390,A.D.P.G.Dayawathi,0.00,0,0
0e5192f6-1844-4e5a-ba7b-e8247c896e72,EMP-1391,P.G.D.Ravindu Heshan,0.00,0,0
dfe16e1f-8a15-4c94-bf47-e02f3c5f7eb1,EMP-1392,N.A. Dinushi Hashinika Kavindi,0.00,0,0
a8507e20-ff68-4488-8f0b-d62cadb494de,EMP-1393,A.K. Tharangani Kumari,0.00,0,0
14e29d66-591c-49cc-b239-72365dcd36e9,EMP-1396,Rashmi Sandamali,0.00,0,0
dc7dbcae-26ae-4c9b-8b29-5875a5b6d037,EMP-1397,Malsha Sachini Rathnayake,0.00,0,0
292972b0-3518-4c4a-a938-3c0e1b5ead3c,EMP-1398,Charuka Nethmi Abegunawardhena,0.00,0,0
b942d839-f35f-4849-bd29-0205c3238848,EMP-1399,M.P. Wasantha Kumara,0.00,0,0
8febdf75-a8bc-4e07-baae-9e0641aa9b84,EMP-1400,Chandramohan Saradamani,0.00,0,0
e8e257cf-10d0-406e-b32d-868d2bb47ff7,EMP-1401,W.A. Sandya Thushari,0.00,0,0
8db7d830-1314-417d-9e4a-89578979c149,EMP-1402,K.G.Mihindu Jayalath Kapugama,0.00,0,0
4df555ed-e4b9-4ab0-a9ea-a5a3cc819bac,EMP-1403,G.Jagath Ranasinghe,0.00,0,0
8fee57ca-fd58-49f3-b553-8b4d4bc861cb,EMP-1404,S.N.Devika,0.00,0,0
5702473d-c388-41a0-892d-c3249ce5049b,EMP-1405,D.M.Gagana Anuhas,0.00,0,0
14036d70-a443-4227-9cb7-52cdb8e3bd99,EMP-1406,L.B.W.Pushpakumara,0.00,0,0
095e4c94-f865-44c8-b652-a9e16eba66c4,EMP-1407,P.A.G.K.A.Malani,0.00,0,0
51356cec-5376-4a8d-9e1d-7faec16d78da,EMP-1408,M.M.Nirosha,0.00,0,0
7f5c8691-1c11-49f7-a970-8a926ec8f31c,EMP-1409,Rashika Sampath,25300.00,3700.00,3700.00
fb1e5d20-0bfe-4e8f-9728-9514f5299689,EMP-1410,M.G.Rashika,0.00,0,0
8e141b53-1b54-4182-a2fd-a09b4936107f,EMP-1411,W.P.Kavisi Hansana,0.00,0,0
36af2647-a061-4126-9061-daacfb436d01,EMP-1412,V.S.Sanmugarajan,0.00,0,0
498f12c7-9100-4d40-92a5-04662d672d84,EMP-1413,U.W.Dulsha Sandeepani,0.00,0,0
165a9bf0-d9bd-4900-b934-a7392898c452,EMP-1414,J.D.Vinodani,0.00,0,0
97d22282-39fb-48f6-90e3-6be8d3b22d80,EMP-1415,I.H.Gayan Chandana,0.00,0,0
d51215be-9997-425f-a97a-821409a51daf,EMP-1416,E.W.Thakshila Piyumini,0.00,0,0
76636aa9-c3c3-40dd-8aa5-ca1e9ea382de,EMP-1417,T. Indika Niroshani Pieris,0.00,0,0
897c2896-8a6a-4d8b-8370-93dc5074a9d2,EMP-1418,H.A.Dilsha Sashini,0.00,0,0
fdf14c23-4567-4569-9f1c-c1144bbd58eb,EMP-1419,K Dhaneshka Kumari Vijekoon,0.00,0,0
2b9e44ec-ad12-465f-a430-1381421e5662,EMP-1420,S.G.Dilika Dilrukshi,0.00,0,0
0b658460-0cc7-4a92-8b37-71578ff696b9,EMP-1421,D.B.U. Adheesh,0.00,0,0
ab038d57-a24d-4573-8527-28cffc85bbac,EMP-1422,G D Anoma Priyadarshani,0.00,0,0
cde42ee9-0b8b-4f5b-8a0b-45de73f388b7,EMP-1424,S Nali Jayasingha,0.00,0,0
ada6fb7b-5ed9-4d9f-8b21-97b88aa0a51d,EMP-1425,Lahiru Sameera Ekanayaka,0.00,0,0
57022d92-9b30-4310-bd23-d0c05c5eced4,EMP-1426,R.A. Gunawathi,0.00,0,0
60d63d40-e671-46ff-a625-b1c6c3768e69,EMP-1427,Priyanthi Kumari Disanayaka,0.00,0,0
ee72ab65-bafc-4434-a241-65389a5fcf4c,EMP-1428,T M  Pathmawathi,0.00,0,0
866dc433-9197-48e4-b263-e066d78a8a5e,EMP-1429,G A G Sumanawathii,0.00,0,0
693d6ba5-4ca6-4958-8972-01060f1c48c2,EMP-1430,R C R Amaya Sathsarani,0.00,0,0
03c9671a-3bc7-4b01-b0a1-9cbbe8d247ac,EMP-1431,B L Sanduni Bagya Sewwandi,0.00,0,0
7514d6b1-7fdf-4424-9f03-ec08b50c657d,EMP-1432,B Lakshika Nishani Perera,0.00,0,0
3da2e4cc-bd66-4d22-aba5-044cfd4024ab,EMP-1433,W R Thissa Dharmarathne,0.00,0,0
f456d220-1a78-4158-b433-eff42a70fc7d,EMP-1434,Dilshani Karunarathne,0.00,0,0
5654855d-a45f-43ec-bdc3-8f404f429474,EMP-1435,M A Avishka Lakshan,0.00,0,0
e1f34e19-2484-4ae1-99be-290c722c5023,EMP-1436,J L K Pushpakumari,0.00,0,0
9e2f9d50-ce2b-4ff6-a433-0678326d7a9e,EMP-1437,Y M Samantha Dilrukshi,0.00,0,0
8801d9d9-ecc9-47e4-a399-c8f8b90b1802,EMP-1438,J K Lakshan Rithik,0.00,0,0
bef9fc1b-ed92-4eca-973d-da750d0bd31f,EMP-1439,P Arulselvan,0.00,0,0
672a2dc8-36c4-4ff4-8180-744f4288e769,EMP-1440,Jeri Dominikes,0.00,0,0
2d93fd20-128f-43da-9ca2-d593fccde705,EMP-1441,Dulanjali Nimasha Gunathilake,0.00,0,0
e52ec87c-0351-4d87-b976-3d75c796bc22,EMP-1443,Priyanka Samankumari,0.00,0,0
63ac9f2c-f74e-481a-9969-459a98a2dad6,EMP-1444,Dulanjali Pushpalatha,0.00,0,0
a94c565f-7b49-4efb-b5bf-5cbe8d37299b,EMP-1445,Raji Selwakumari,0.00,0,0
cae1c516-111e-4c84-a71d-aff6f2e77f9b,EMP-1446,Sandya Kumari Vijekon,31200.00,0,0
5946c1cc-74bf-459a-86cc-3946b6d11873,EMP-1447,W A M Pathma Kumari,0.00,0,0
45ba36dc-87f7-425e-b1ec-d6ac4b8107e1,EMP-1448,G A Madushanka,0.00,0,0
02b5a84f-ef24-4a1f-b673-390a2e48c7e8,EMP-1449,I D Danushka Madushani,0.00,0,0
a2fc7f57-dc73-4de2-9a71-2dab6774df50,EMP-1450,Thilani Rammika Andrews,0.00,0,0
b782b62d-49cd-499e-ba16-bb1d5800f0d0,EMP-1451,O K Pushpakumara,0.00,0,0
6bf2c632-bbbb-4049-8535-7e23344dbcca,EMP-1452,M N Rumesha Sandamini Perera,0.00,0,0
1298eb3d-05f8-450a-93c4-d8a778d001bf,EMP-1453,M Kevin Abishek,0.00,0,0
eb0e7797-a28f-4d52-91c6-75b1c007f46a,EMP-1454,M Suneetha,0.00,0,0
1adf5f5c-3842-46a6-8d90-55a4c80de527,EMP-1455,H A Kamani Rupika Perera,0.00,0,0
a9efbd4b-9f26-4b3b-8428-37ef4e30def4,EMP-1456,S P A Kanchanamala Rupasinha,0.00,0,0
75644b06-d252-490f-8c2a-af09f3ca697b,EMP-1457,A G Chandrika Sandhaya Kumari,0.00,0,0
a0efd7cc-1776-4c92-b82c-b9dfe2758ea6,EMP-1458,A D Saumya Sandya Pushpakumari,0.00,0,0
cf7fda5a-585b-4ffd-bd22-0e8fcbd88481,EMP-1459,A K Prabhashi Sandeepani,0.00,0,0
3dabf84c-cab4-4e64-b03c-8ae64ad8121c,EMP-1460,Inoka Shanthi,0.00,0,0
ee193a12-7683-4d9e-b47f-0646b9e9e30a,EMP-1461,W D Rehan Chameera,0.00,0,0
3f0d5843-ef5c-4990-8aad-3f589aef1683,EMP-1462,S A M A Chathurika Madushani,0.00,0,0
f68a6bce-cf23-4ab8-8317-410deb99bc02,EMP-1463,Ishan Buddhika,0.00,0,0
39ad6290-c04c-45f1-98bb-6581b9d0e588,EMP-1464,Rajini Kumarika Galappaththi,0.00,0,0
6e5e722c-3493-4465-8318-1d3472c4e8fd,EMP-1465,J H Jeewa Dharshani,0.00,0,0
d1f8a65b-e681-4f3f-ab00-929f8a6f2247,EMP-1466,P K Sugath,0.00,0,0
9d978b9b-f8b9-48f2-b211-081496e1e8c5,EMP-1468,R H Wasana Kumudumali,0.00,0,0
9c974ca8-6418-4c69-b04a-e6b19a6ddb63,EMP-1469,S Thilageshvari,0.00,0,0
6113b499-1353-4660-9ab5-498712a90576,EMP-1470,T K Sumith Pradeep Thalpawila,0.00,0,0
424b0671-bf34-434e-bb7b-919e704c2d1d,EMP-1471,Dhanuka Sampath,0.00,0,0
295f61ff-239b-48c9-bb42-0aae804c84e7,EMP-1472,R M Subashini Rathnayaka,0.00,0,0
d9c78006-11cc-4f7c-bfcd-6586fc293fec,EMP-1473,G R Chamudhika Sewwandhi,0.00,0,0
063d9aa0-ee9d-4aa1-bb4f-29e15a23dc44,EMP-1474,J M Susantha Sampath,0.00,0,0
50628777-f63d-438c-b782-5a3fd115874c,EMP-1475,R W M Indra Kumarihami,0.00,0,0
ff19a507-405d-4f1d-ad59-3e17400745fe,EMP-1476,A Janarthani,0.00,0,0
3b548275-e6cd-4442-8b96-400d58718f34,EMP-1477,S M Shriyananda,0.00,0,0
b43652e6-000c-45b4-a472-99992e12f69a,EMP-1479,I T Harshani Dissanayaka,0.00,0,0
0eb196b7-bd1a-4a13-a530-67fabf6dd3eb,EMP-1480,Buddhika Manura Edhirisinghe,0.00,0,0
e1a47651-dd10-42fb-88d8-efca774f5084,EMP-1481,Wasantha Premalal Vijesundara,0.00,0,0
63be4ec2-dcf6-4fdd-86c3-6f34e60390b5,EMP-1482,G M Kusumawathi,0.00,0,0
82777bc0-ecb1-4445-8d9f-df1806191e8b,EMP-1483,A M P D P Adhikari,0.00,0,0
53363f20-2d32-41f6-8502-d593675e10cf,EMP-1484,U R Madushani,0.00,0,0
5ab79c70-f5af-42e4-941e-eac0d760a9fe,EMP-1485,K A Saman Kumara,0.00,0,0
152b2807-a253-4a26-b2c6-b5a7112af3c0,EMP-1487,H S Kavindu Chethana Sampath,0.00,0,0
57e322a2-6526-489b-8373-d6d289f35177,EMP-1488,M M Nilmini Priyangika,0.00,0,0
911200b6-a931-4fb3-b705-874f0bbd2154,EMP-1489,K W Gangani Erandika Rathnayaka,0.00,0,0
37eab4b1-27a9-485c-8778-1d27fea00efb,EMP-1490,H M Sadamali Kumari Herath,0.00,0,0
8d563187-0c6a-4a23-969a-c279a8d5a30c,EMP-1491,Muththuwel Thilakawathi,0.00,0,0
e86eeb4f-6851-4873-8617-a1d201ddd59c,EMP-1492,Y R I G Ranjani Priyalatha,0.00,0,0
d9c4b417-897e-4fcd-b88e-e05fcae8534c,EMP-1493,R M Champika Rathnayake,0.00,0,0
622e4fb3-1f50-406b-9ae4-9fdd0605c2aa,EMP-1495,J K Chamila Damayanthi,0.00,0,0
041f33e9-f94f-49cb-b836-bd079fb544a3,EMP-1496,W Suranga Sandaruwan,0.00,0,0
8c05a6b2-cacf-4f93-a4f7-769246705a2b,EMP-1497,K G Upul Aruna Shantha,0.00,0,0
0cee8500-0c34-4825-a790-788b8e1af043,EMP-1498,H M Ruwani Srilanka,0.00,0,0
e885da64-4fb7-4ca9-8c99-d5d071951a72,EMP-1499,H M Charu Dulmini,0.00,0,0
df0d76ca-f73c-4ef9-a6a8-6005a04cd576,EMP-1500,M N Fathima Nilufa,0.00,0,0
d9768c6a-a334-4be6-94b9-a55ccbb94cac,EMP-1501,B G Sadamali Ramyalatha,0.00,0,0
4741b775-09ed-4866-a8a5-ceaa2d63c76e,EMP-1502,M H Malkanthi,0.00,0,0
3a61bd88-8543-4d4d-92c7-1db0b84c3e34,EMP-1503,K D Sumali Kosala,0.00,0,0
7b495bae-a681-4dda-b9db-cca6cb3d27eb,EMP-1504,M K K Gayani Dineshika,0.00,0,0
ffec292c-7001-4bc0-8c9f-66f7577201f3,EMP-1505,W R Dhananjaya Kaweesh,0.00,0,0
87654df3-2aa0-45bc-b786-a90f7a17c848,EMP-1506,G Sanjeewa Kumara,0.00,0,0
75f71a65-f5d8-4ad4-9ddc-00b40eaa72aa,EMP-1508,H Manjula Herathge,0.00,0,0
aab582be-4be9-4261-b6d2-065a15b2660e,EMP-1509,A A Manjula Rathnamali,0.00,0,0
aadb6d9d-41d3-4911-99d2-c5493723e5e6,EMP-1510,D M Shiromi Jayanthi,0.00,0,0
39a37150-7d73-4327-b2a6-321075f134d4,EMP-1511,I G Abiseth Pasindu Bhashana,0.00,0,0
e4fa9596-3c45-465a-a867-bc8f5c9b0d6d,EMP-1512,Ganeshan Thawamani,0.00,0,0
4117af65-1d9c-4396-8a96-0d54f815ad0a,EMP-1513,R P A Malithi Nilanjana,0.00,0,0
7b21464a-1623-4007-a22e-29c46231ea46,EMP-1514,A H M Shrima Samanthi,0.00,0,0
8ea5d598-13bf-480a-9195-9dd312c5a272,EMP-1515,K A Menuka Damayanthi,0.00,0,0
5c8508ce-94c7-4376-a2af-0ab77184a445,EMP-1516,U D G Yashoda Hansani,45000.00,0,0
7a864af3-717c-4945-bade-1de4275e82ab,EMP-1517,W K Sashiranga Ravihara,0.00,0,0
e665672a-481d-43c6-afc0-2e8f59a2ae94,EMP-1518,P A D L Ranaweera,0.00,0,0
541cd9c3-2764-4fca-8f46-b8c44097d1e0,EMP-1519,W A Anusha Sanjeewani,0.00,0,0
ef6c8710-0336-4efb-815e-4a1fc9d381e2,EMP-1520,W Vishwanathsarma,0.00,0,0
d74aa368-6deb-4fa8-a633-7b37a63f45de,EMP-1521,L G Neela Kumari Wijerathna,0.00,0,0
533f6771-72c4-4719-a3f2-f31788b65bab,EMP-1522,G Kalyani Ganga Rajapaksha,0.00,0,0
3fa6d97d-0e99-4c06-b14b-a122e77d894d,EMP-1523,D B Renuka Damayanthi,0.00,0,0
fdbe93d1-b5af-4309-a1a3-c6bb60de7bba,EMP-1524,H A Supun Chanaka,0.00,0,0
7e88de6e-12f7-4719-ab98-0e4401887a91,EMP-1525,H H Vijaya Kumara,0.00,0,0
62c8e8ea-6809-475a-94b3-900dd482fa2d,EMP-1526,W D Chanaka Chathuranga,0.00,0,0
7bf49408-4fb1-49b0-8f98-e6800ab26b08,EMP-1527,M V Monika,0.00,0,0
3b4ef390-a586-452b-be37-4944dabb33ca,EMP-1528,E D Janith Pebod Kumarasiri,0.00,0,0
fecdd075-a156-4d47-bbfa-59d45f796edd,EMP-1529,W Inoka Damayanthi,0.00,0,0
b10cae75-7e7c-4e21-8bbe-1368961209c0,EMP-1530,I J Lechchami,0.00,0,0
fed5b7d2-f6cb-48f6-8024-d07c96f1dcd3,EMP-1531,C P Nandani Chandralatha,0.00,0,0
76532aa0-706b-4525-a994-b61698b6f61e,EMP-1532,M L Iresha Shermila Kumari,0.00,0,0
44e13c02-9232-4e67-adbf-b3ff1817dc07,EMP-1533,K Seetha Kalubowila,0.00,0,0
5d910093-2395-47ee-9282-16896cd70267,EMP-1534,A A Mayuni Kavinga,0.00,0,0
38b5c854-bae8-4c7d-860a-9cc12020937a,EMP-1535,Oshada Irushika Senal Warawita,0.00,0,0
3aef016b-ebe8-4fa8-9f07-0fecd978f8ea,EMP-1536,P Niroshani Sugandika,0.00,0,0
418622dc-196d-456d-8c60-20f44f1b0cd2,EMP-1537,Chanasekaran Shriyantha Pathirana,0.00,0,0
17c6872d-af71-47f7-bc51-66e023857047,EMP-1538,Kaneshan Kavithanjali,0.00,0,0
afa27398-6904-4933-a551-dbce258a3aa7,EMP-1540,A H Kavindya Gayathri,0.00,0,0
ff1a486e-0f1d-47e1-9455-ffc96351be0b,EMP-1541,J M Anoma Kumari Jayaweera,0.00,0,0
54d04420-acb5-4546-a2b2-4a31bbe0d4eb,EMP-1542,H P Ruwan Indhika,0.00,0,0
004f04c8-e45e-49d1-aed0-87c198634e81,EMP-1543,C W T Gamage,0.00,0,0
808d395e-fac9-4ca8-a466-39e4ffbc2700,EMP-1545,I Nuwan Pradeep Ilangasinha,0.00,0,0
b9c32ed9-ee72-478a-ad5d-0fa9880e5974,EMP-1546,S M Chaminda Prasanna,0.00,0,0
10e4697f-5e93-483a-96d5-4e762535c898,EMP-1547,I G Anusha Karunathilaka,0.00,0,0
e71aab4f-1810-4870-8297-8643dc31b683,EMP-1548,Suresh Wimalasena,0.00,0,0
6de1bb16-3382-468a-8dad-68e8f52bba84,EMP-1549,Henayalage Mithrasena,42000.00,0,0
a15c8263-8dad-4051-90f9-ded8113f5e71,EMP-1550,Deepani Jayasooriya,0.00,0,0
0de04b22-d4dd-49f7-a0e0-e46f7ef544f5,EMP-1551,L Dilmini Pahasara,0.00,0,0
0e16bb5e-5f5a-42e6-bb44-3ea896db1fe8,EMP-1552,J M Navodya Sathsarani,0.00,0,0
f867ff12-9f21-4d2f-83dd-4e2b46ba9843,EMP-1553,Yasmin Mahamud Abdul,0.00,0,0
ce2f987d-66bb-411b-80b1-9be06c81d36d,EMP-1554,Oshadi Viyanga,0.00,0,0
b1dfbc02-3699-44f6-a5e5-8a83c22ff1c1,EMP-1555,Subodha Imalshi,0.00,0,0
7d3b176d-e93e-4157-84af-626ac9e3816d,EMP-1556,Pavani Lochana,0.00,0,0
cecdae36-b9ad-4e2c-8b64-530cf82f439b,EMP-1558,Dineshika Madumali,29700.00,0,0
6e803aa0-8f85-472c-9883-cc1b52b9c2b0,EMP-1559,P Pugendran,0.00,0,0
915675b0-3730-47d1-81fd-8e6305d85af1,EMP-1560,Priyantha Fernando,0.00,0,0
33554f9b-37b8-4a0c-aae5-66a79ebfc3b1,EMP-1561,K Indrani Perera,55500.00,0,0
7bd004a8-46de-460e-bf47-b3513745eba7,EMP-1562,Anura Upathissa,0.00,0,0
6a5978b5-0d10-4d54-b11b-06560f8574ff,EMP-1563,Prasan Senewirathna,0.00,0,0
585f31fa-8432-4ab6-b723-98c8e6ebda88,EMP-1564,Akthar Sujath,0.00,0,0
6041d0d9-e0c4-4167-a1be-77be08ff0601,EMP-1565,Hitinamaluwage Vineetha,0.00,0,0
ffec832e-1411-4aa4-8a91-0f0dc2174215,EMP-1566,Siriwardana Amarawickrama,0.00,0,0
618b2715-acfa-4859-a4bc-3a35eb7d8a17,EMP-1567,Wasana Rathnayaka,0.00,0,0
77ff0be2-44a5-4ca9-985b-f42b56e14091,EMP-1568,Karunarathna Siriyawathi,0.00,0,0
8121ad1b-a305-42a8-8efb-48d932f6c36b,EMP-1569,Ramasami Kala,0.00,0,0
a1ee5179-4c30-448a-bca3-01209fda4983,EMP-1570,Sarath Gamini,0.00,0,0
a41079cb-70a4-46b2-9a80-ce2fa2bf8960,EMP-1571,Samanlatha Adhikari,0.00,0,0
0711be6e-f7fd-409b-af62-470ef3899fce,EMP-1572,Suresh Kumara De Silva,0.00,0,0
48306d14-a6d9-486a-b031-a53d3516159a,EMP-1573,Siriwardana Shyamali,0.00,0,0
259259c9-eed3-4e15-a764-82469b63b883,EMP-1574,Anusha Nethmini Rajapaksha,0.00,0,0
2aac65af-9e95-40e5-a8bf-600ce26482e2,EMP-1575,Don Wijesuriya,0.00,0,0
836de1c0-89fd-4e8a-a0d2-b46a92fd7f10,EMP-1576,Sydni Punchihewa,0.00,0,0
056e57ea-69c1-4b34-9af8-a3688098c939,EMP-1577,Isuru Bandara,0.00,0,0
4b962060-289d-43fa-8d9b-90c6d836f497,EMP-1578,Rasika Dulani,0.00,0,0
c64d3067-4068-410a-b313-42f4f574f50a,EMP-1579,Champa Kumari,0.00,0,0
06351ed9-bc97-40d1-8bc3-ddd5f8b49eff,EMP-1580,Chandra Neelamini,0.00,0,0
a45aa12c-1f57-46f0-8ba7-d72847390e4c,EMP-1581,Naradha Jayalath,0.00,0,0
0551bcc8-07d6-4e21-92c4-b42de768ce2c,EMP-1582,Selvaraj Selvi,0.00,0,0
2d73a52a-c734-4649-a4f4-f2fe87ac33fc,EMP-1583,Shasinika Rathnayaka,0.00,0,0
4403c4ae-2366-496f-b466-c90369df7cff,EMP-1584,S Chaminda,16000.00,0,0
138623fe-688e-45fa-a283-a059fba911af,EMP-1585,R W M Biso Manike,0.00,0,0
131b4959-f436-4bbf-ac7e-3e050ad53a04,EMP-1586,J M Yasomanike,0.00,0,0
8d75b417-c356-4bc3-b52b-7735ce2251e8,EMP-1587,Dilani Ranasingha,0.00,0,0
4f500c93-dadc-461d-b560-25f943bf7df3,EMP-1588,Amila Nandani,0.00,0,0
b8de9519-c4c7-4aa7-93eb-00078e4773b3,EMP-1589,L G Sumanawathi,0.00,0,0
2bd772a1-9da5-493b-8b27-700b1415f50f,EMP-1590,N A S I Nishshanka,0.00,0,0
74fbdb6d-1a21-4c38-b36b-1e92a0d2b173,EMP-1591,Nimesh Sandaruwan,0.00,0,0
1364ecdd-7c93-41e1-bc4e-2829ad35c4cd,EMP-1592,Danushka Chanaka,0.00,0,0
db1ceb78-7202-4daf-9aec-65f5ce78578b,EMP-1593,K Maduka Sanathani,0.00,0,0
d099f75c-10a6-4842-bc23-90b99532600e,EMP-1594,Anusha Kumari,0.00,0,0
80fcd195-3636-4419-81f3-71dc9031b4e5,EMP-1595,Nisansala Dilrukshi,3000.00,0,0
16cbe94e-6aec-4694-b165-4ee339642a74,EMP-1596,Nilantha Kumara,0.00,0,0
7a098ff7-78a3-46dd-b2d9-d109ae62af75,EMP-1597,Ramajayam Babiththra,0.00,0,0
6925a562-22cd-45a0-821d-95ec0a1624be,EMP-1598,Gayani Sagarika,0.00,0,0
2bd8d4f3-b3ac-498e-84ff-0f30231b5632,EMP-1599,Geethika Madubashini,0.00,0,0
7bd585f4-8811-4c7b-a05c-10f5b4b9b6fe,EMP-1600,Amila Kumari,0.00,0,0
2e53f0e0-27b5-4c17-8b15-e0064682d8d5,EMP-1601,Anura Ilankon,0.00,0,0
92dc1bde-17c5-43ac-97a8-c7c5351580e0,EMP-1602,Nitha Ranjani,0.00,0,0
66cb8573-ef7e-4a24-9935-0644abe9b7ff,EMP-1603,Punchihewage Chinthaka,0.00,0,0
5c5cf15b-95dc-4575-b7df-35fe09975757,EMP-1604,K N S Somathilaka,0.00,0,0
f5ca280f-3cb9-490f-8965-cd68f244cfc3,EMP-1605,Nasisha Emtiyashasim,0.00,0,0
2d1f78d1-d427-4840-ac5e-c6cd80dd1923,EMP-1606,Sellaiyan Pratheeban,0.00,0,0
5608c22a-5261-4575-b96d-8debf4fcb0ab,EMP-1607,Nilanka Dilrukshi Gamage,0.00,0,0
15e81631-99db-46d0-b296-ce55f9d8c83a,EMP-1609,Udaya Kumara,0.00,0,0
794b42a2-adac-4a51-8a6f-985da552c9b2,EMP-1610,Ayesha Dassanayaka,0.00,0,0
85fd49c6-f904-4688-95b6-b0dcb0a7a2a8,EMP-1611,Ranil Abeysinghe,0.00,0,0
03326549-23b9-4001-b2f8-fe193d928dee,EMP-1612,Sunitha Nonis,0.00,0,0
ba6e42a3-e908-4fc9-8c9f-dd24ff2c92dd,EMP-1613,Diwyanjali Nawodya,0.00,0,0
b2b71f61-023a-41ff-926f-ad70c4127077,EMP-1614,Chandrika Priyadarshani,45000.00,0,0
791065ce-97c7-4c11-86a9-3a0c019a7498,EMP-1615,Nirosha Deepani,0.00,0,0
b62d8937-b15e-4692-befe-bb1cfb4f1eb3,EMP-1616,Jaslin Meri,0.00,0,0
39c4d93d-f130-4172-9647-0a1ad65bf2d8,EMP-1618,Siththi Pariida,0.00,0,0
21cd1475-235f-4094-ae01-11d01f84aa33,EMP-1619,Senarath Padmalatha,0.00,0,0
af96433f-2d2e-4c62-b52a-dc28c8452925,EMP-1620,Priyangika Salamon,0.00,0,0
f0cc47c4-214d-4fb1-9798-528555be648d,EMP-1621,Nagodage Priyanthika,0.00,0,0
b1564268-a1b6-4598-b4f8-00b879725fcd,EMP-1622,Nirosha Priyangani,0.00,0,0
4acfc9d5-1f07-4a04-ae8f-9e430279c460,EMP-1623,Thangaraja Anusha,0.00,0,0
72719cbf-f0dd-47d3-98a2-7f5c499729e0,EMP-1624,Kodikarage Weerashinghe,9000.00,0,0
88753664-56c1-431c-bbc8-9dc4f635c6fc,EMP-1625,Praveen Kavinda,0.00,0,0
873b3add-5bc7-4169-bcfb-2506adfd9de0,EMP-1626,Lakshika Kavindya,0.00,0,0
25aa8e80-15d9-431b-aaad-a3c0ebcfab66,EMP-1627,Kasun Randika,0.00,0,0
06236bec-2b4b-4c99-b055-0aa14253387e,EMP-1628,Nirosha Malkanthi,0.00,0,0
6225768a-8a37-4197-a241-77fda1d5f94b,EMP-1629,Subhani Anushka,0.00,0,0
575c2029-70f9-414a-b153-adddb68fe0fa,EMP-1630,Ishara Hansani,0.00,0,0
f2841604-c09b-4a8b-93b6-c18df746ab9a,EMP-1631,Janani Buddika,0.00,0,0
7ad3cfbf-fe23-4fc8-b995-a50419cf10b7,EMP-1632,Shirani Jayapathmini,0.00,0,0
e7027619-0a60-4c29-84f2-cfd87aa4d710,EMP-1633,Sanjeewani Dilhara,0.00,0,0
e9a806ba-45ab-492f-ad4e-bc6024ed3291,EMP-1634,Chandrika Weerasinghe,0.00,0,0
bfb30979-2774-46a2-ba68-3e08bfe3649c,EMP-1635,Wathsala Sadamali,0.00,0,0
70b6ffd5-c336-465f-a52c-c350c1bbacce,EMP-1636,Piyumi Nimeshika,0.00,0,0
c22db748-62c1-434a-b43f-86a8f466280d,EMP-1637,Samanthi Bandara,0.00,0,0
4a0ddd8c-f2ec-4c58-9ede-04628bc3422f,EMP-1638,Lakmi Dhananji,0.00,0,0
6edfa4a2-e0b7-46d1-9c28-5ff0eac0ff70,EMP-1639,Nadeeka Priyadarshani,0.00,0,0
e5adc666-d7b0-4db2-b800-9a2a20042243,EMP-1640,Dinusha Lakmini,0.00,0,0
b7b4e05c-f1c7-4550-ba9c-80f0211e3bf6,EMP-1641,Nilantha Sampath,0.00,0,0
3ad428e4-38b6-4c2b-b0b5-16c904516e89,EMP-1642,Rajarathnam Istrawel,0.00,0,0
cdb39448-eef5-4632-92ef-6413ec822e69,EMP-1643,Thissa Kumara,0.00,0,0
95d42761-f9fd-4c6f-9da5-fdcf8938a520,EMP-1644,Ganeshan V Pavithra,0.00,0,0
456df7d8-5c2b-4e19-8879-229de087ce69,EMP-1645,Siththarakumar Sindujan,0.00,0,0
3e11ffe7-3696-4431-b347-e6303e5f3fc5,EMP-1646,Dilip Chaminda,0.00,0,0
68c8e59d-8c9e-4270-b59f-12d921901187,EMP-1647,Disna Premarathne,0.00,0,0
7fa18238-58aa-474d-9e84-f8c4053e41f8,EMP-1648,Hewahakuruge Pushpakumara,0.00,0,0
93071e44-fdd3-4cc7-a891-6b4c0866067e,EMP-1649,Manjula Madhushani,0.00,0,0
7a417c0e-b2b6-4adb-92dc-53e4240aee33,EMP-1650,Pathma Kumari,0.00,0,0
9462564b-6bfd-4c36-9eb9-5379be43bac3,EMP-1651,Geethika Kumari,0.00,0,0
9994d1d1-cbe7-4c35-9592-cabbebaf9739,EMP-1652,Sandeepani Ariyarathna,0.00,0,0
acf16dfa-482f-47ed-bb8d-d42bbbf8a8e7,EMP-1653,Salka Sathsarani,0.00,0,0
405f95b5-6d2b-4722-b1b1-1fce45b4e76f,EMP-1654,Vimukthi Deshan,0.00,0,0
519d6262-48ac-4478-aa59-5972603378cc,EMP-1655,Janani Jayarathne,0.00,0,0
4712da62-cf37-4574-87a7-2388d11e896a,EMP-1656,Anoma Indrani,45400.00,0,0
a555b1c4-7704-4686-9f12-e4b1ec4424b6,EMP-1657,Lakshan Ariyarathne,16000.00,0,0
7a634875-9a15-4247-b49a-480f8bc639f8,EMP-1658,Tirosha Lakmali,0.00,0,0
1594cf45-5a53-4686-a7ee-243140808588,EMP-1659,Oiyappan Nagaraja,0.00,0,0
64ad7adb-a5df-4b5b-9df4-069ad57b8e01,EMP-1660,Inoka Subashini,0.00,0,0
4b091043-c45a-475f-bf05-f6352642e282,EMP-1661,Ajith Bandara,0.00,0,0
20be5c24-3d08-4d30-9737-956372dcde57,EMP-1662,Samanthi Kumari,0.00,0,0
cba3196e-bcb2-4b88-8b21-c2a8bc32077b,EMP-1663,Sumiththra Perera,0.00,0,0
5c0013e2-4641-4f2a-9c67-240a4b2b8c2a,EMP-1664,Subashini De Sheram,0.00,0,0
d5f75ca4-63d3-4c4a-a06b-71ff16d4d3a6,EMP-1665,Ganesh Udayanga,0.00,0,0
482c1c97-5a77-417a-9a45-1e17700a020f,EMP-1666,Manjula Subhashini,0.00,0,0
535970ce-2421-458d-82aa-8710d618c725,EMP-1667,Indra Damayanthi,0.00,0,0
03dff72b-faa9-4fb3-826e-e890e0e8a76b,EMP-1668,Imalka Chathurangi,0.00,0,0
18043108-aeb3-48a2-bddc-97ae1afcc6b6,EMP-1669,Isuru Lakshan,0.00,0,0
a8396d30-4c6c-4fa1-ba57-485ca330fd4d,EMP-1670,Oshadi Deepthika,0.00,0,0
be6fd8dc-5274-403c-a5cd-2e1addf43712,EMP-1671,Pradeep Kumara,46200.00,0,0
a34cb1b1-18e2-443b-990e-21474a09b6af,EMP-1672,Nimnada Niwanthaka,0.00,0,0
4101e3bd-49b5-48fd-bea6-66b5186ea7a4,EMP-1673,Nirosha Chithrangani,0.00,0,0
da79710e-70fb-4718-afec-d4ce76ab7f0a,EMP-1674,Thilan Nisanka,0.00,0,0
3d20bd13-2aa4-4add-a74a-fa6b3165d06e,EMP-1675,Asanka Jayasinghe,0.00,0,0
2789a8a1-85d5-45c6-88f7-85fc2fa67f7d,EMP-1676,Nishantha Rodrigo,0.00,0,0
63c46669-881c-4e7d-8eac-764fa028795e,EMP-1677,Subhash Pushpakumara,0.00,0,0
89fe6578-3dc9-4be5-8b69-d20b622418a3,EMP-1678,Indrani Preamalatha,0.00,0,0
31be7d59-ccf2-4eda-98c3-ffbfc57016d9,EMP-1679,Vineetha Kumari,0.00,0,0
b4a16bad-a408-4d4b-9698-52c64d0bb4ca,EMP-1680,Anandaraja Krishandanee,0.00,0,0
22491250-238f-46d4-9544-fd64b0136082,EMP-1681,Erandathi Damayanthi,0.00,0,0
cc46e0f8-17c7-48d6-8e1e-cd38e92421fa,EMP-1682,Subhasini Chandralatha,0.00,0,0
5421a6d1-fc71-4f3b-8632-ff8052f608a0,EMP-1683,Ishara Shamali,0.00,0,0
f2c6aad3-7f0c-4fe9-9c7a-828d5da0c5f0,EMP-1684,Sakunthala Lakmali,0.00,0,0
4d55ed54-a877-4859-aaa0-06008a5de911,EMP-1685,Varuni Rasangika,0.00,0,0
56439307-2180-4cc2-9e1d-b861a84380f8,EMP-1686,Selladore Kamala,0.00,0,0
3337b65d-588e-4fc5-bfde-876a258a99ca,EMP-1687,Subramaniyam Susantha,0.00,0,0
0663ac20-664c-48fa-b286-5b665194242f,EMP-1688,Nayomi Priyadarshani,0.00,0,0
87a081e1-df92-431b-ae28-020babd6a45d,EMP-1689,Imalka Subhashini,0.00,0,0
0a55760e-9730-454a-9e9c-3c9eb4870d58,EMP-1691,Sudath Priyadarshana,39600.00,0,0
86ccecc7-b505-4cfa-a27a-34ca5b6757a6,EMP-1693,Suranga Ruwan,0.00,0,0
b9a637cf-915a-400a-a732-80e5fb5e6ab8,EMP-1695,Susila Damayanthi,0.00,0,0
d0691e06-c888-4595-a3fe-feeb33d4aaf5,EMP-1696,Veerappolige Shriyani,0.00,0,0
b3011d07-ab9d-4a42-9422-0de361e41d9f,EMP-1697,Shanika Sewwandi,0.00,0,0
f3f6ec12-832e-45a4-b43b-96d15073366a,EMP-1698,Chamila Sandaruwani,0.00,0,0
311d4eb2-215b-4a6d-bf7b-227bedee1fb7,EMP-1699,Amirithalingam Kavipriya,0.00,0,0
dfea2abf-5ae8-497b-8ed3-33223540f5d4,EMP-1700,Dinithi Dilshani,0.00,0,0
df0cd483-d841-4472-a19e-c49028c7d2f8,EMP-1701,Binal Prasad,0.00,0,0
e568f3a2-8e24-4d57-8bb9-1d9718aadebb,EMP-1702,Supun Madhushanka,0.00,0,0
7d57e6a4-1d1d-4d38-b36e-89cc44e1b2be,EMP-1703,Salini Kaushangi,46200.00,0,0
2b367a1c-ce59-4437-a4e4-156946f716e4,EMP-1705,Pushparani,0.00,0,0
7f140e09-e7ba-4399-b845-3aab09f7ede7,EMP-1706,Sasindu Santhush,0.00,0,0
85817b68-3d7f-4cdf-be4a-570a99a8d42d,EMP-1707,Weerappuli Gamage Indrani,0.00,0,0
1cd03fd0-cd92-4413-830a-52c572818646,EMP-1708,Chamila Disanayake,0.00,0,0
79abda3a-d7f3-4f44-a387-46f84263136b,EMP-1709,Malith Dilshan,0.00,0,0
e3482faf-253d-44e7-8428-e3002c89a3e7,EMP-1710,Upeksha Nishanthi,6200.00,3200.00,3200.00
e03d2445-e530-4f21-a90d-4f70e3b9bf5c,EMP-1711,Kumudu Kumari,45000.00,0,0
2da327dc-b603-4876-99eb-c8c94a323b83,EMP-1712,Dayani Helanga,0.00,0,0
30b894ad-95ea-4f20-9056-62b8641395fb,EMP-1713,Piumi Jayasekara,8000.00,4000.00,4000.00
14aae24a-e808-48fd-8224-5a2fb0a448b5,EMP-1714,Ravishma Ranjani,0.00,0,0
fefa039a-53ab-4dd7-8d62-deeb954a6dd9,EMP-1715,Miloni Madavi,0.00,0,0
6eb13a83-f5bd-4b7d-a1a4-2dce4026155c,EMP-1716,Ravindu Lakshan,0.00,0,0
46cdf5bf-b533-4113-888e-76b1aef88abf,EMP-1717,Sanka Sugeeth,0.00,0,0
7ce4ba2f-f593-4954-bccd-fe09f2cff3f7,EMP-1718,Anurada Senevirathna,49500.00,0,0
cad0e4e4-4807-4321-91e4-709c8bc71ff0,EMP-1719,Malani Jayasinghe,27000.00,0,0
aff7320e-fc8d-4a5b-9687-09de26b863c1,EMP-1720,Candima Sanjeewani,0.00,0,0
78644c8c-92be-4d60-8330-002c24cc554c,EMP-1721,Hasini Prabodha,0.00,0,0
73d88eb9-0500-4bdc-a427-09a999ab39eb,EMP-1722,Punchiralage Shantha,0.00,0,0
0d796db0-e1ed-4551-882f-2fa94f7ee19a,EMP-1723,Sewwandi De Silwa,0.00,0,0
0eac5434-54d0-4577-8c46-020d09ace880,EMP-1724,Kasun Sanjeewa,0.00,0,0
3ab268fe-8087-4a5f-8fb9-a699b322c5db,EMP-1725,Induwara Theekshana,0.00,0,0
d41fa067-2541-4794-8b09-fb8095998015,EMP-1726,K.Jayapriya,0.00,0,0
79e71d68-4a89-4b13-956a-0143b6a8c7c3,EMP-1727,Wasana Maduwanthi,0.00,0,0
0995e875-9241-4f05-9619-9b21606c8835,EMP-1728,Sandalika Madhushani,0.00,0,0
88d181ee-86d8-402d-867e-b86075168868,EMP-1729,Nilan Lakmal,0.00,0,0
afcb2616-e905-451a-bb6f-d741bb7e5a16,EMP-1730,Rathna Kumara,0.00,0,0
48b0ce06-81a0-4321-b041-f2f678ccd226,EMP-1731,K H Indrani,0.00,0,0
27930f79-372b-4ef3-88be-bb39e109d35b,EMP-1733,Anupama Dilrukshi,0.00,0,0
53eb037a-b690-4e07-aa61-37c7691598b4,EMP-1734,Prabhani Dhananjana,0.00,0,0
ae0ffce4-27ea-4f5f-b117-700c0d966059,EMP-1735,Shehani Kavindaya,0.00,0,0
3eb8c368-9f80-4b4c-9028-539b7e4db8a9,EMP-1736,Eranga Nuwan,27000.00,0,0
1f719cbb-d00c-412d-8c2c-7c1651929ec6,EMP-1737,Piumi Devindya,0.00,0,0
f90af8ed-31e0-4b93-9c7f-99086e9bc262,EMP-1738,Himashi Supipi,0.00,0,0
27c0d013-c710-4f99-9c2c-3e9c97a89d56,EMP-1739,Amila Ruwan,0.00,0,0
053f6819-6c64-4657-8733-7f1ad0afcb05,EMP-1741,Anusha Ishani,0.00,0,0
0b741554-d18e-4049-bcea-8d331ab18a68,EMP-1742,Sewwandi Nisansala,0.00,0,0
dc6d1ff8-9de7-40a9-96e0-4292410337de,EMP-1743,Weerasingam Dilakshana,0.00,0,0
2288f696-8ba0-47b8-8b49-d626b50068e5,EMP-1744,Dikshan Bhanuka,0.00,0,0
e75f0bde-966d-40ba-8dd1-e329f0268ad1,EMP-1745,Renuka Jayakodi,0.00,0,0
128b994a-c754-4733-80cb-cd6a3376fbaa,EMP-1746,Mallika Gunawardhena,0.00,0,0
410012b7-7298-40bc-bf18-f077747a8d3c,EMP-1747,Sunil Wickramanayake,0.00,0,0
db3fa641-9b9f-4a8a-a23c-fb833333dd6c,EMP-1748,Muhamdiramge Nirosha,0.00,0,0
0a845f07-1846-44d8-8236-db5097a95729,EMP-1749,Romesh Demian,0.00,0,0
6c61b90e-7e38-4419-acc6-68c8f3275463,EMP-1750,Darshana Buddi,0.00,0,0
b2d99adb-7550-42fd-8b93-0e489c5eea74,EMP-1751,Rashmi Sulochana,0.00,0,0
1f2b1a2f-55d4-4159-a2d4-f781aa7db506,EMP-1752,Vidarshana Subani,0.00,0,0
e42783bc-d19d-41df-b6f1-498f0d3e5079,EMP-1753,Chanaka Akalanka,0.00,0,0
d579f166-2e5b-46c1-9b7d-ed88b06974b4,EMP-1754,Lahiru Prabath,0.00,0,0
025b9924-1e60-4a8f-aab7-fa0e6de6c950,EMP-1755,Sandaruwan Dilseeka,0.00,0,0
e85c7bfa-f1a6-40ec-9285-7119c1f53e02,EMP-1756,Nirosha Damayanthi,0.00,0,0
222af094-c8fa-48b0-ba39-7ffc74a54b8e,EMP-1757,Pichchaikaran Prashanthani,0.00,0,0
c6ace0ff-9448-489a-9e28-9ea3d8c8854b,EMP-1758,Chaminda Premathilaka,0.00,0,0
d1d215f6-355e-422c-b8ae-96bf8c532bac,EMP-1759,Aluth Sahalge Kasun,0.00,0,0
17f934a4-8df0-445f-bfcb-61b2d04ace62,EMP-1760,Kankanamge Jayantha,0.00,0,0
836410d9-418c-4328-a0bb-ee89e866950a,EMP-1761,Udayangani  Gunawardana,0.00,0,0
05c01893-9572-4fa8-b492-ab9d6099c738,EMP-1762,Balakumar Nilushika,0.00,0,0
f97ffe15-e260-41a9-bdca-efb25dd2b460,EMP-1763,Chamika Sandya Kumari,0.00,0,0
40ef6968-832f-4470-a2f8-a450a2f4648c,EMP-1764,Muniyandy Vijayalechchumi,0.00,0,0
c0c37a22-6f5a-420f-97c7-767c89a37543,EMP-1765,Inoka Madushani,0.00,0,0
5783dd7f-b0f1-4daa-967d-47be543d2437,EMP-1766,Indu Shanthi,0.00,0,0
cc09e923-284c-4d9e-a606-e44add6968f8,EMP-1767,Sanjeewani Rasangika,0.00,0,0
cbe8c7fd-b9be-4780-b16b-f7843c0bd05e,EMP-1769,Rashmi Erandika,0.00,0,0
bb061ff1-eb90-4b60-b9f8-b836cc68af7b,EMP-1770,Mangalika Kumari,0.00,0,0
cb404cb9-8e0e-4fa5-9aca-87c76426f0af,EMP-1771,Harshana Niranjan,9000.00,0,0
63e299c2-6fdb-4b94-a5b2-83f39f0010cd,EMP-1772,Chinthaka Prasad,0.00,0,0
79ea07e3-4092-4c16-86bc-d7a772c4a09d,EMP-1773,Dinusha Damayanthi,49500.00,0,0
e94e4308-b6f0-4b1a-8f80-409590ad5e6b,EMP-1775,Sumudu Sadamali,0.00,0,0
413d7b76-3aa2-456b-9372-876e2dc4ccfa,EMP-1776,Arachchillage Krishani,0.00,0,0
a0c1b171-21f5-41ad-8f53-ce2bf080583f,EMP-1777,Lakshan Senevirathne,0.00,0,0
39a20216-df3f-4f72-8a5f-1045c7b923c2,EMP-1778,H Chamara,0.00,0,0
056e7671-b976-4eb0-ae41-b15be088b470,EMP-1779,Kashyapa Ranathunga,0.00,0,0
87ff5ba5-0817-4c28-8635-6a584b166b0d,EMP-1780,Anura Gunathilake,0.00,0,0
15059d16-32a4-48bb-9e5c-fc3ed4c459aa,EMP-1781,Madubhashini Silva,0.00,0,0
6173675b-6ae0-4900-9695-fc0ccfbe2141,EMP-1782,Kasilingam Selwan,0.00,0,0
bab5b19d-0e63-4392-8b89-cb3d1e72a5b2,EMP-1783,Nadeeka Kumari,0.00,0,0
f75a0c10-0cee-4a60-b623-15747deb1e52,EMP-1784,Shiromi Vijerathna,0.00,0,0
3a3a5d45-cca2-4632-88aa-e41f2a4a5562,EMP-1786,Sadukshika Nimashini,0.00,0,0
fd30aa66-8dd4-409d-a823-d498860ba20b,EMP-1787,Wajira Sanjiwani,0.00,0,0
f33835bc-3042-422d-86c5-b20d99f53911,EMP-1788,Nayana Sadamali,0.00,0,0
cd656e4f-ac9a-429a-bc8d-f772e1b926a9,EMP-1789,Githa Indusiri,0.00,0,0
0a37a97d-a4b0-4b4a-b4e9-d4b8916f356b,EMP-1790,Chaminda Rasika,0.00,0,0
059a9fe0-e2e7-4e0f-a1ad-1eb3621c6392,EMP-1791,P R Nisansala De Silva,0.00,0,0
b9c0b9a9-cdf3-435a-b06d-cafbbb0ca538,EMP-1792,Chamli Kumara,0.00,0,0
54b542ce-c956-43a0-997c-881d91455a76,EMP-1793,Tharindu Pushpakumara,0.00,0,0
5d9f013f-e857-44e6-accd-b6033d39633f,EMP-1794,Kusumawathi Fonseka,0.00,0,0
d31535c5-59b3-4419-a989-130b7201527e,EMP-1795,Vigneshwaran Siwajini,0.00,0,0
677f6c35-e64a-4bfe-8d51-70b0a6b268d3,EMP-1796,Krishnakumaran Madiwani,0.00,0,0
45b84cdd-ca5b-41ef-8555-51186b073157,EMP-1797,Hasitha Sampath,45000.00,0,0
3d791197-ae1c-46ff-a489-d2f0662a6870,EMP-1798,Chandima Nishanthi,0.00,0,0
2c89653a-ca12-42e1-952d-a40c395bb581,EMP-1799,Sunimal Prasanna,0.00,0,0
c2ffabf0-d5df-42aa-928e-d2fa4ce86587,EMP-1800,Wasantha Bandara,0.00,0,0
03f88866-09c2-42c1-b6b3-58632418e8e2,EMP-1801,Shanika Sudarshani,0.00,0,0
b5475f9b-6a8b-4c19-ba71-cd4a120430b2,EMP-1802,Aloka Sahan,0.00,0,0
2e9aef0e-ddd9-4b31-9386-f6ce59ef324b,EMP-1803,Deepal Indika,25600.00,0,0
c0cf5309-13be-449c-be7f-b3cc34fc34c5,EMP-1804,Dedunu Sadamalika,0.00,0,0
bc797f4a-f1a6-4a0c-9442-feee937e64b7,EMP-1805,Yasanthi Peremathilaka,0.00,0,0
517ac0ca-3b39-42b9-b040-210fc6e20672,EMP-1806,Himanthi Sachinthani,0.00,0,0
bd25ac60-b016-4408-8386-7695cc150cc5,EMP-1808,Naseem Abdul,0.00,0,0
1c258b13-dc3a-48b2-8577-2120c7839bc2,EMP-1809,Chathura Nadishan,0.00,0,0
be22ecf9-f06e-4023-97f9-f4a71d030e89,EMP-1810,Gayan Pradeep,0.00,0,0
b61534a5-2abd-477f-b9aa-6de7915a055b,EMP-1811,Nilusha Wathsala,0.00,0,0
64885d6a-b2ce-4736-ad5e-6b8296f1cdd1,EMP-1812,Dilmi Madurangi,0.00,0,0
0c7d569c-64a5-43d8-b898-ea93d9a8daa6,EMP-1813,Nethmi Aloka,0.00,0,0
f1b7ad68-e035-4900-b3f3-a3f0df44c932,EMP-1814,Ruwan Kumara,0.00,0,0
b2cd2a0e-108c-4fbd-8131-919e376acf1d,EMP-1815,Niluka Dilrukshi,0.00,0,0
3f939338-61fd-479d-927e-b5cb96200df0,EMP-1816,Chandani Nilanthika,0.00,0,0
c626e38c-6ccc-4943-b813-9c1f98e41263,EMP-1817,Thelge Sriyani,0.00,0,0
50474ed7-01e8-459f-ba57-7f6fcb28f0ac,EMP-1818,D M Erandi Rasika,0.00,0,0
b10383ee-3463-4801-9f32-7917e1b981cc,EMP-1819,Namal Pushpakumara,15000.00,3000.00,3000.00
4c5adcdf-5592-4cb6-bb4b-f37e0059f631,EMP-1821,Malika Kumari,0.00,0,0
ee49dc45-13e0-46d5-9795-9e612d642f97,EMP-1824,Mudiyanselage Ariyawathi,0.00,0,0
3ba54701-0668-4a58-b16a-51c01b80a34f,EMP-1825,Chandima Dilrukshi,0.00,0,0
8fd292d7-b47d-46fa-a7f1-e0fd898dafa1,EMP-1826,Ishari Udayangani,0.00,0,0
ee951dc3-29b7-4c27-8ee3-0874274a3e4a,EMP-1827,Shishya Piumanthi,0.00,0,0
73b17a15-b3e0-4f63-97fb-b5a32a1f9d77,EMP-1828,Chathurangi Anupama,0.00,0,0
dca508b9-0d59-44aa-9044-1d7194360794,EMP-1829,Wijerathnam Akila,36300.00,0,0
c543a9b0-9aee-4561-81b8-9c496cacccff,EMP-1830,Thushan Anurudda,0.00,0,0
7fdf1e4e-7439-4290-b07e-b18703038f42,EMP-1832,Sanjeewani De Silva,0.00,0,0
2b18fd06-dd01-4afe-b729-05bc7dcf9726,EMP-1833,Wathsala Madhumali,0.00,0,0
fcc38e47-3df0-45a6-a539-0252a41e755c,EMP-1834,Subramaniyam Jeyadevi,0.00,0,0
90e0c439-2e8e-415d-a3fe-e134630bb8b9,EMP-1835,Aleksenter Consiya,0.00,0,0
b9456428-0e65-4575-a233-9827c08fc3f5,EMP-1836,Thamara Dilrukshi,18000.00,0,0
ca521bac-a4ee-429f-af42-6d763fc83d8f,EMP-1837,Deepani Keerthilatha,6000.00,0,0
43eb477b-6e18-4222-84bd-83e7a9397c89,EMP-1838,Udayangani Ramyalatha,0.00,0,0
98fa5abd-43d5-4976-a4c4-8e536f2a7d3b,EMP-1839,Nilukshi Krishanthi,0.00,0,0
c129478e-39ab-46e4-8ac4-75ea8bb2d585,EMP-1840,Samantha Rathnayaka,32900.00,0,0
79dfea16-a278-4897-be05-226e0bf78629,EMP-1841,Marathaveeran Prashanthani,0.00,0,0
01e039e8-25e0-4c08-84ee-789ab4507cee,EMP-1843,Kanchana Sewwandhi,0.00,0,0
764834aa-5216-4402-8ec3-4ee28cb47e58,EMP-1845,Kasun Virajith,0.00,0,0
ed8233c1-07bc-41ec-ac3f-7aa359cad98c,EMP-1846,Janaki Sanjiwani,0.00,0,0
e6bcf8d0-0e54-4e4b-b4a4-9c2358edccd5,EMP-1847,Limeshika Anurangi,0.00,0,0
29ad6d8b-d684-40d9-9179-4e3ee02dd967,EMP-1848,Yasanka Jayanath,0.00,0,0
efff7311-6d3d-4e75-9bdc-037e26114d08,EMP-1849,Isuru Madumali,0.00,0,0
95cd3331-dffd-432a-b8b3-672150dbd998,EMP-1850,Sunethra Malkanthi,0.00,0,0
82d57433-594a-4c85-9282-4b3202cb59ea,EMP-1851,Vijayaboss Kriyashini,0.00,0,0
a085f281-e17f-4ded-8237-cb388a11b5a0,EMP-1852,Diluka Sandamali,34800.00,0,0
3a0da1a2-e887-4ade-9db6-28c4a60d84ba,EMP-1853,Niroshani Thisera,0.00,0,0
0309bfc5-4b15-4429-a819-f698e9716be4,EMP-1854,Rusani Madushika,21000.00,0,0
70f3b533-54d4-4719-8d7d-f90c756df331,EMP-1855,Miurika Kawindi,0.00,0,0
a3a51b92-581f-4af3-b485-5a9ce20ae814,EMP-1856,Achini Sakura,0.00,0,0
aac3814b-62fd-438d-a67c-cce87898dae3,EMP-1857,Gamage Priyangika,0.00,0,0
8c9661ff-f06d-4fad-8ef6-e69cdc802fc3,EMP-1858,K K Chandrakanthi,0.00,0,0
8ca70984-d351-465a-a3cb-ee0a2903cf2a,EMP-1860,Sugath Chandrakumara,0.00,0,0
6b868c6a-df19-40c3-a4d8-38802420298d,EMP-1861,K K G Anuradha,35200.00,0,0
7036a4d7-3375-4ba2-85f6-e57b8b46df7b,EMP-1862,Kaveesha Sathsarani,0.00,0,0
84c6435a-6ae8-4dcc-a3b0-932c5d3cbcc1,EMP-1863,Sandun Chanaka,0.00,0,0
a7647427-2357-4a81-a0fb-1953e4caf43e,EMP-1864,Kelum Nalaka,0.00,0,0
952e6863-4918-4780-b587-e363769e24fd,EMP-1865,Iresha Sadamali,45000.00,0,0
91137153-d87a-4db1-b3a6-d7596a8b2bcb,EMP-1866,Pasindu Dilshan,0.00,0,0
196d765c-5128-403a-bd0d-21ba561ce788,EMP-1868,Inoka Deepani,0.00,0,0
c1b99e97-4727-4180-930d-327b3ce2c93c,EMP-1869,Sewmini Dineshika,0.00,0,0
e0055ff4-4391-4650-ab40-675ae04bc2f2,EMP-1870,Veeraiya Nadaraja,0.00,0,0
66dcddfd-5b11-4fa5-8e33-3c933aedc60c,EMP-1871,Pragalathan Jansi,0.00,0,0
710156f3-9d78-4513-ad0e-c6ddeea59e44,EMP-1872,M Nilukshi,0.00,0,0
47c90826-176b-4f67-8300-be934a5f6f26,EMP-1874,Nimali Jayamaha,0.00,0,0
91e689e5-b9ce-4284-a95e-8af30d95a41a,EMP-1876,Thambi Raja Deeshan,6000.00,3000.00,3000.00
2c4d0276-bcb7-405d-b2ba-a9226b63b84e,EMP-1877,Chathurika Senarathna,0.00,0,0
0fcc7af2-03a9-40b9-8509-48582b0df754,EMP-1878,Hemantha Pathirana,0.00,0,0
304ad43e-14b7-4148-9ca6-02cb2ff8d700,EMP-1879,Chathurika Dananjani,0.00,0,0
a18f0541-5d09-41a5-af5a-bfdad4ab2bb7,EMP-1880,Lakshmi Pathirana,0.00,0,0
72c21278-40c0-4664-8643-a93e05ef066d,EMP-1881,Niroshani Priyadarshika,6000.00,0,0
e89c9735-9461-4073-b17a-4ebb8d2399ed,EMP-1883,Devika Priyadarshani,0.00,0,0
e1bbf628-0d1e-4e07-acea-46f0c14474f2,EMP-1884,Rangasami Dilshani,0.00,0,0
7bbdd810-be3b-40a3-9492-221b18fa7327,EMP-1885,Mohandas Gayathri,0.00,0,0
934b923a-17fc-4c2a-903c-699b485a7c23,EMP-1886,Ramachandran Darshani,0.00,0,0
d1ed3ccd-eb56-47bb-885f-13f915e23c7e,EMP-1887,Champika Damayanthi,0.00,0,0
c856376d-38b3-4065-9c42-b4ee5c345fc7,EMP-1888,Nisansala Umesha,21000.00,0,0
c421f871-143c-4600-ac5c-fa80f99e83f3,EMP-1889,Aruna Piumal,0.00,0,0
71a0c972-ec25-4c8b-bf4c-a663d9542168,EMP-1890,Thilina Prasath,0.00,0,0
d3b63585-a0d4-4cc3-9810-3972edb14862,EMP-1891,H G Champika Wickramasinghe,0.00,0,0
01ffe4cf-65b2-43a0-a62c-9676e9d9a58c,EMP-1892,Y R Chathurika Priyadarshani,0.00,0,0
9f63848d-260f-4170-9127-6f4c0c2caac7,EMP-1893,M A Mahesh Pradeep,0.00,0,0
f0de4945-4ae2-49f7-971a-4585208e83f9,EMP-1894,L A Sumeda Sampath,0.00,0,0
41e3c173-fbc0-4dc9-a91f-d6844ce43d14,EMP-1895,W Lakshmi Jayasooriya,0.00,0,0
24663926-0c79-4451-a3e1-484a30801619,EMP-1896,K P Shehani Kaushalya,0.00,0,0
f54756c3-8348-4f08-9960-ce2a9077576b,EMP-1898,K Nirmala,0.00,0,0
568a709f-d9e5-4dd6-b68d-fd8a0bdac379,EMP-1899,S G Rasika Darshani,0.00,0,0
79cd94ff-eea7-4a73-bb52-f55e6d846a48,EMP-1900,R Rajarathnam,0.00,0,0
9670685f-035b-4e50-b761-4382257d2c2d,EMP-1901,P A Upul Samaranayake,0.00,0,0
2168e976-d148-4e0b-94d8-ec874f12f4d0,EMP-1902,R Lushanthan,0.00,0,0
079b4164-1b90-417a-9aee-3372d82c38d2,EMP-1903,Kalana Deshan,0.00,0,0
f8940c3c-1d4b-4eb6-83e9-3234f1bc1501,EMP-1904,D A Chamila Mendis,0.00,0,0
73cd971f-60ea-4a1a-9798-1ca2d335657f,EMP-1905,Upul Shantha,0.00,0,0
743be5e9-b19a-475c-9ae5-b0ba81c3ab53,EMP-1906,Susantha Bandara,0.00,0,0
fe56ddda-8fc8-4e1e-8fd9-72712f53cef6,EMP-1907,Sasi Kumar,0.00,0,0
df9af436-c400-4359-8790-886f2827540d,EMP-1908,Nikeshala Madubashini,0.00,0,0
bfe00fab-3a36-40d5-9b64-9074ef212306,EMP-1909,Buddika Maduranga,0.00,0,0
e17e60a9-1ec8-4932-bd63-93a41a687233,EMP-1910,Channa Maduranga,42900.00,0,0
de5f1c98-f41f-4c11-a66d-be31d0d9cec7,EMP-1912,Walabaddage Shiyani,18000.00,0,0
16683b92-81ac-440c-97fe-b935866a6e32,EMP-1913,Kingsley Charles,0.00,0,0
ac87c178-5b5c-4ef1-b60a-04f1f2d92bf9,EMP-1914,Irosha Pushpakumari,0.00,0,0
09be7052-3620-472c-ab72-b7b05d6986f2,EMP-1915,P. Ranjani,0.00,0,0
f6e7b90c-3726-4746-a157-a10907f22e63,EMP-1916,Jinawathie De Silva,0.00,0,0
b8508061-0c3d-4eeb-9346-744fa199a97a,EMP-1917,Maureen Devadas,33000.00,0,0
fa059150-eb30-41d0-9e3a-44ee9225c0f3,EMP-1918,Nilushi Samanmali,0.00,0,0
181b631b-00be-475e-82c9-e0e8179d8c95,EMP-1919,Vidusha Lakpriya,0.00,0,0
8609f607-5570-48a9-88a3-bfc0896f6c6b,EMP-1920,Nilupul Dananjaya,0.00,0,0
c607e903-f0be-46b7-bc6f-efca5bc596a7,EMP-1921,Selvan Rukshana,0.00,0,0
6c79b783-3bdb-43e0-9bb4-0f12255d1bec,EMP-1922,Tharushika Gimhani,0.00,0,0
d4ec7ab9-edef-4ec4-aea6-a14ab9ece37d,EMP-1923,Nethmi Awishka,0.00,0,0
b23b4bfd-69f5-427f-a216-84dc1dc000d8,EMP-1924,Maheshika Priyadarshani,0.00,0,0
91805788-7de9-459b-91d6-8c7cc3ff3cb2,EMP-1925,Achala Maduwanthi,0.00,0,0
5b323381-d041-479c-a96d-34965f3e4b89,EMP-1926,Maleesha Gimhani,0.00,0,0
3feec214-3f6d-40e1-b5e5-d429e0704681,EMP-1927,Hashani Thakhila,0.00,0,0
c10b1f0c-cce7-4963-8f29-3bf820391097,EMP-1928,Faizal Hendri,0.00,0,0
a00abda4-ac89-4bd7-8a93-7afeea54b5e5,EMP-1929,Don Senanayaka,0.00,0,0
cfbf694c-53d6-4dc7-a694-598f4efc60f5,EMP-1930,Kandaiya Ramajayam,0.00,0,0
351ffd16-9c4b-4379-8680-1ee6f3bbc424,EMP-1931,Ruwanthika Kumari,0.00,0,0
7e17b8d3-d60c-4b11-897f-9331cc667b44,EMP-1932,Sasintha Lakshan,0.00,0,0
c627fc37-dd3b-41fd-a0cc-ab4b9351ea4f,EMP-1933,Himali Renuka,18000.00,0,0
a46b51bd-632c-4a03-b4b8-fd551558997c,EMP-1934,Sanjiwa Subash,0.00,0,0
75577ec8-ef34-46e5-841a-8a35dea59c04,EMP-1935,Priyadarshani De Alwis,0.00,0,0
93f711d8-dc0e-43d9-8924-c76b090ff8ca,EMP-1937,Thilini Manesha,0.00,0,0
42c7960d-170f-4c3d-8991-4599b224853a,EMP-1938,Nishara Dilshani,0.00,0,0
ed97dadd-120e-46d8-b3bb-ba18b9bb265e,EMP-1939,Nilanjani Sumanathissa,0.00,0,0
844a80c7-aa57-4c06-88b0-2a9bc7232dbe,EMP-1940,Chamila Srimali,0.00,0,0
312ad419-5217-4f6e-ad33-902d392c8c07,EMP-1941,Sadunika Rukshani,0.00,0,0
34161308-e774-4794-833a-627ff23f701f,EMP-1942,Shalika Kumuduni,0.00,0,0
5ff1fe25-3135-4309-897f-8ca898b7037b,EMP-1943,Faizal Sadik,18000.00,0,0
b74634b4-41ff-4f1c-96c2-c0e4290c6200,EMP-1944,Eranga Nisanka,0.00,0,0
40a5ab26-5a7d-47c3-b698-e9b025413fd0,EMP-1945,Geethika Sadamali,33000.00,0,0
d045cf6c-d551-487d-a12a-c7b6cf8ca590,EMP-1946,Jeevana Madushan,0.00,0,0
88dca7cf-9f2c-4ed7-9260-4dbb70b8495d,EMP-1947,Kanagaraj Sathiyaraj,0.00,0,0
51fca099-9b2c-427c-91ee-6783debef5d2,EMP-1948,Nallasami Jothimathi,0.00,0,0
dcea953d-3307-4801-8828-50bcab8569e8,EMP-1949,Sandaya Kumuduni,0.00,0,0
5a2703dc-3ece-4991-a44c-f6e2ee442d36,EMP-1950,Praveen Nishshanka,0.00,0,0
7d1630ca-8ffa-49f9-9723-1af0f4337486,EMP-1952,P.M Amarathunga,0.00,0,0
a0075714-2b70-4fba-9dd4-9961156423b1,EMP-1953,Ayosha Sewwandi,0.00,0,0
ed8dadac-aa0c-48d5-b626-6e216e9c4e0e,EMP-1954,Udeshika Madhushani,0.00,0,0
10afc8c3-57e7-4c62-98c3-18d3cbb8db08,EMP-1955,Nirosha Kumara,0.00,0,0
b2669d20-cac9-422e-a80d-3bc8d96e0d33,EMP-1956,Nadeesh Kumar,0.00,0,0
d509f0cb-d4fc-458b-91b3-239435d2503f,EMP-1957,Kavindu Kumar,0.00,0,0
259a7a6d-8ff5-422a-8b28-28663cf48627,EMP-1958,Sachintha Madhushan,21000.00,0,0
b53558d4-1770-48e5-a0d6-4b75227ef895,EMP-1959,Supun Chandima,45000.00,0,0
8034f565-ca0b-4a5e-b0d8-6cdb2b3f90a7,EMP-1960,Kavithamani Francis,0.00,0,0
bc15c958-2ebb-4ea9-a9c5-4f866a9acd18,EMP-1961,Kasun Maduranga,0.00,0,0
9f9f7b92-8618-4cc3-bd23-c5abcd42e7e7,EMP-1962,A Ramesh,49500.00,0,0
1a8391eb-fb3c-4d2d-99b5-3a63917c0202,EMP-1963,Thanuja Dilshani,0.00,0,0
ff0bbb2f-dcd3-4dea-86c9-ef2872fe0b64,EMP-1964,Tharindu Sapumal,0.00,0,0
93a20b09-fe3c-4ce6-b921-0432c7cd20d7,EMP-1965,Geetha Shanthi,3300.00,0,0
27e2ea8f-50b9-40b5-987e-1cdd9fabc0f5,EMP-1966,R I B Leelawathi,0.00,0,0
c669c9c5-ebab-453b-b91b-24bff0094691,EMP-1967,Wasantha Kularathne,0.00,0,0
e91275ff-86dd-4387-b1bf-5c9f462a830e,EMP-1968,Chamila Gunawardana,0.00,0,0
36d06ff1-5b8d-47c2-9f32-285d80f640af,EMP-1969,Kumuduni Kumari,0.00,0,0
8fe90e1b-981a-4946-8154-9f5b6deda124,EMP-1970,Agith Nuwansiri,0.00,0,0
971378d6-15ce-4abd-b3e7-3b985f6dce39,EMP-1971,Kaushalya Dinushka,0.00,0,0
c1e98266-e6b4-48f6-9dbe-4e2569691133,EMP-1972,Jayanadi Anuradi,0.00,0,0
4e8fa25c-d897-4909-940c-e2df8b2346cd,EMP-1973,Shriya Rohini,31500.00,0,0
07e0a258-79b9-419f-ad7f-5a74a961b1c8,EMP-1974,Akila Udari,0.00,0,0
b62e6350-455b-4dea-a600-f0cacee6b1f6,EMP-1975,Chaminda Kumara,0.00,0,0
c6ac9bf4-e14e-4e44-8aac-78fada30e59a,EMP-1976,Ishanthika Wijesinghe,24200.00,3200.00,3200.00
44cbb58c-0ab9-4937-ad13-a2fd12a19b55,EMP-1977,Layanal Sarath,0.00,0,0
4cf619e1-3e5d-4f8e-b9d6-453c4dee9295,EMP-1978,Manori Champani,0.00,0,0
c37f5d59-6eba-44b1-9cc1-8b33953f3123,EMP-1979,H M Krishathi Nilmini,0.00,0,0
20c23b46-8dfc-43f6-a447-7e22f22f2021,EMP-1980,P Awranga Balasuriya,0.00,0,0
f540224a-a2ad-4143-8d93-2bde9ed580db,EMP-1981,Dinushika Alakoon,0.00,0,0
3809af38-a24a-4445-841c-8662ece1590e,EMP-1982,Rishmitha Diyashan,0.00,0,0
abeda2a9-7caf-4bfc-af6a-048e7ed1611e,EMP-1983,Darshi Madubashi,45000.00,0,0
b822c895-7201-401a-a5f5-6864329c2076,EMP-1984,Isuru Anurudda,45000.00,0,0
081842ae-86f0-4d11-9f70-4c6725d29dc3,EMP-1985,Saman Ekanayaka,30100.00,0,0
3056898c-2611-48d3-a275-79d320b990d5,EMP-1986,Bhashana Ekanayaka,0.00,0,0
6deef136-b50d-47b7-9b8d-0ba1a078847e,EMP-1987,D W Kaushani Vikramasinha,0.00,0,0
8261197a-0ba7-4856-9c17-62966aeda95a,EMP-1988,Supun Danushka,0.00,0,0
25e0756f-ac83-4806-b597-7882e80a46e9,EMP-1989,Danushka Dilrukshi,0.00,0,0
55c26391-9213-4adc-8248-c07b5943f0b6,EMP-1990,Nirosha Maduwanthi,0.00,0,0
4f6e770b-234b-44fc-8da8-6ff7dddd397a,EMP-1991,Nadeeka Kumuduni,0.00,0,0
d93d5fff-1bc5-41fd-8ab6-b311e540858b,EMP-1992,Samitha Udayanga,0.00,0,0
9558e768-21b3-44ab-bd55-f298ad87f946,EMP-1993,Anoma Premalatha,0.00,0,0
8d2fa8e6-67c6-4b37-ba82-5c1c62ce9559,EMP-1994,Achini Piumika,0.00,0,0
0b1be832-2e6b-4318-a18f-59045ee04e3b,EMP-1995,Sachini Nimasha,47400.00,0,0
b7466498-918c-4976-a228-29c46c53f4a3,EMP-1996,Anura Prasad,3200.00,3200.00,3200.00
2372e533-3194-487f-b26f-f2f1a44a83c2,EMP-1997,Harshani Nisansala,0.00,0,0
a137556b-e63a-492a-b2c7-884e9a727c5a,EMP-1998,Liyanora Ayirangani,44800.00,0,0
65d51f80-aae8-4ad5-821e-b1b5bf5aef2e,EMP-1999,Nethmi Navodya,0.00,0,0
cb1d5d4b-4102-4ab9-b3ac-a02b2e6dceb6,EMP-2000,Dilini Samanmali,0.00,0,0
126673f5-d5ae-41dd-a504-d2a5e95c6641,EMP-2001,Reka Lakshani,0.00,0,0
c1f8c7d1-7591-4c82-89b2-40a63e6d7f12,EMP-2002,Dilani Lasangika,0.00,0,0
738909a9-6136-43dd-88cf-0b41153b6694,EMP-2003,Chaminda Pathmalal,0.00,0,0
20072898-8d9d-4b83-87e0-61111b5016ce,EMP-2004,Nayomi Jiwanthi,0.00,0,0
788b65bb-4308-4a59-9cb0-de62cd255274,EMP-2005,Venura Priyantha,0.00,0,0
8b9706e1-cd97-4f68-ab57-5b8420375a7d,EMP-2006,B H Dhammikaa,0.00,0,0
bbc936c7-78d0-4911-b6ae-701e31987e3c,EMP-2007,Niroshani Perera,0.00,0,0
083015df-f5f9-42b3-af93-8de8298d447f,EMP-2008,Piumi Sadamini,3000.00,3000.00,3000.00
26e02f47-3e1d-402d-96a6-ebb2cef09411,EMP-2009,Chathurika Maduwanthi,0.00,0,0
573bb606-a97e-4793-80b8-bef1cba6e544,EMP-2010,Chamari Preethika,0.00,0,0
f2ad46e6-0db4-418c-b788-be78e2f5d320,EMP-2011,Sundararaja Nadeeka,0.00,0,0
8178c838-60f5-4bad-9415-df43c9b7fba1,EMP-2012,Malani Chandrika,0.00,0,0
4c186578-2c5b-443b-aea1-14d224aed0ae,EMP-2013,Janaka Dilruk,0.00,0,0
d54da847-d95f-4c2d-b87f-5d70f889c601,EMP-2014,Tharushi Narmada,0.00,0,0
21fd90b1-b62a-42ad-803e-0c40110eee95,EMP-2015,Subani Sandeepani,0.00,0,0
3e4d845b-92a9-46bb-b69b-6d4ec57235c7,EMP-2016,Anoma Damayanthi,0.00,0,0
4bdf5076-527a-47d3-ad8b-b06c519d1d0d,EMP-2017,Praveen Dilshan,0.00,0,0
eec4ae20-78a2-4fc6-acff-1204a2500cde,EMP-2018,Wasantha Nilmini,0.00,0,0
70e653af-442f-45ec-898a-4a7e0c0dfcd5,EMP-2019,Samanmali Gamage,0.00,0,0
f461892a-cac2-4b34-a9a6-2179eac4d1cd,EMP-2020,Suranga Chanaka,0.00,0,0
0f310c56-b4ca-40c7-80f0-91ed030458cd,EMP-2021,Chandani Sanjeewani,0.00,0,0
8bac69d1-1dc0-46a0-b7a7-b2c54a005a21,EMP-2022,Manjula Prasad,0.00,0,0
8c108b9e-6666-4d57-9710-6dc4cc8a5433,EMP-2023,Mahesh Indika,0.00,0,0
f35bdfa8-1138-4c85-bc7b-0ad92a7bf12a,EMP-2024,Maharaja Kalaiyarasi,0.00,0,0
085fbe28-f3a2-4b12-8f2e-a51e7c2908d5,EMP-2026,Suresh Asanka,0.00,0,0
4eeb07ab-bf0b-442a-b8c2-f80919c3be3c,EMP-2027,Sanjeewa Dilshan,0.00,0,0
71cd3275-0063-43c9-9794-2f91a7cb9c23,EMP-2028,Madura Madushanka,0.00,0,0
fbc2d5ca-d319-4b42-872c-6783bc6863e6,EMP-2029,Dilrukshi Fernando,19300.00,0,0
4848daba-3854-438d-81fb-71a31f802eb0,EMP-2030,Balakrishnan Abhilashini,0.00,0,0
e95240b7-b961-49be-974a-71a48ec28a1f,EMP-2031,Karunarathna Bandara,0.00,0,0
ff285dd8-a1a0-45df-b0cc-2e55e45f2f71,EMP-2032,Anuradeeka Madushani,0.00,0,0
27e12cdc-40b3-4294-a0c4-2117e1029b3c,EMP-2033,Perumalsamy Poornima,0.00,0,0
273c6363-73fa-4dc4-b10e-90a1ebd6baf1,EMP-2034,Palaniyandi Niranjala,18000.00,0,0
25999813-b3b8-4107-b403-840b728ac426,EMP-2035,Shashikala Priyanthi,0.00,0,0
d3c43cae-7f2b-4646-8929-2b8fd62c5864,EMP-2036,Dewmini Himasha,0.00,0,0
19534c8f-3936-4892-8c2b-6cbabf293821,EMP-2037,Selvaraj Sasikalawathi,0.00,0,0
eb5a7c99-a59b-42be-b94b-afa6051c5dba,EMP-2038,Saman Bandara,45000.00,0,0
6b794f14-aa48-4c13-8497-6ecf3a21ca82,EMP-2039,Upeksha Sawbhagya,0.00,0,0
9964128f-438f-43ea-97c4-458ebe163899,EMP-2040,Mahesh Harsha,0.00,0,0
79b31b65-5c26-49a6-9dae-6a3dcde86c00,EMP-2041,Kanishta Anthoni,0.00,0,0
74a46adc-d878-416e-87ec-9f7ba4888686,EMP-2042,Chamila Nirosha,0.00,0,0
d6d4be5d-e43f-4681-aa4b-e40506ffa788,EMP-2043,Sujatha Kumari,0.00,0,0
5a41460f-8ca2-41a6-914d-0d35e95f3547,EMP-2044,Anuradhie Silva,0.00,0,0
60ae8d67-147e-49ad-9f18-26981690930c,EMP-2045,Rashmini Pabasara,0.00,0,0
7f9f7a32-3d1a-4b87-974e-ef30b2976ef0,EMP-2046,Dinesh Rukmal,0.00,0,0
c5e30e06-d30c-469e-b2fa-9570bd7d341f,EMP-2047,Hewage Rathnasili,0.00,0,0
d23e6375-3700-4449-aa1c-5ae9a8118e8d,EMP-2048,Dulan Madhusanka,0.00,0,0
41e15371-1e70-45b3-b6a7-47fab8aa3672,EMP-2050,Ashoka Irin,0.00,0,0
416fa800-fbf7-4c3f-be47-28f56ca8f294,EMP-2051,Parna Priyangani,0.00,0,0
fbc6de66-495a-4fe9-a712-0147bb7a5e87,EMP-2052,Danushka Disanayaka,50800.00,0,0
68dd4e4c-5cb9-4bb2-be25-7ffba4d91dbc,EMP-2053,Prabasara Rubasinghe,0.00,0,0
73620ebe-5c90-489a-ac2c-87c763b002e7,EMP-2054,Mareena Jayasinghe,0.00,0,0
b706ebf3-2fc9-4615-b79d-40ad4ecf9022,EMP-2055,Hansika Sanjeewani,0.00,0,0
2c0fe4e1-786c-4792-a96e-503f9501c929,EMP-2056,Navodya Sathsarani,0.00,0,0
2bd2e990-7504-43a8-8462-fd82c67d391d,EMP-2057,Yogeshwaran Shayamali,0.00,0,0
5f8c1fa0-def3-4974-bb94-22797cd9a02a,EMP-2058,Arachchige Sepalika,0.00,0,0
ee7425f5-947b-404d-8045-0699e05f7860,EMP-2059,Nimesha Madushani,0.00,0,0
1a811311-37c7-4a62-9d99-7d692aed6e68,EMP-2060,Lasitha Madushan,0.00,0,0
6623af4c-ab3f-4614-aa3e-74b59d44106a,EMP-2061,Vitharana Pandithage Damayanthi,48000.00,0,0
bcbb98fd-73e2-4a43-bd1a-e8c94277feb2,EMP-2062,Iresha Madurangi,0.00,0,0
4aa909b9-7066-480a-b6a5-db5a7dfce09d,EMP-2063,Chamila Niroshanee,0.00,0,0
c448d553-ac6a-4846-ac67-a04575fc81f6,EMP-2064,Kavindaya Hiruni,0.00,0,0
646d357d-d144-4197-87fa-67ff926773ec,EMP-2065,Pasindu Vinod,0.00,0,0
072ec0fb-b736-46bf-b68c-49861998bec7,EMP-2067,S Geetha,33000.00,0,0
1c5e3393-f9d8-4880-be68-381b04d5661d,EMP-2068,Kumarawel Dawintha,0.00,0,0
2a86fc1e-48cb-4864-b497-6242e0293792,EMP-2069,Udaya Kumari,0.00,0,0
3778f19a-99b4-46f9-9d46-2051708a355b,EMP-2070,Kumarage Dayani,0.00,0,0
ed4e7d82-f755-47ae-a606-033d5c3c170d,EMP-2071,Malka Sandamali,0.00,0,0
f8c8bcd7-c4df-4e5f-86b2-5a1c5fe5faad,EMP-2072,Nimesha Kumari,0.00,0,0
611f7c5f-96f3-47b7-9acf-076aec39f669,EMP-2073,W H Kanthimala,3000.00,0,0
485bd976-47b6-40d0-a429-b75696a8d897,EMP-2074,Seetha Airangani,0.00,0,0
2ddb4340-aff6-4cdb-9f36-a1909f6a2619,EMP-2075,Dineshi Dewmini,0.00,0,0
c48e61a3-6dd0-4dbb-bf62-d6d93100a0b3,EMP-2076,Niranjala Harshani,0.00,0,0
a37f2a81-7e4b-4079-921e-086791bc0ca3,EMP-2077,Hemamali De Silva,0.00,0,0
3c7ca7c3-6fa8-4c23-a106-503a006d7ba3,EMP-2078,Madurika Kumari,0.00,0,0
54473154-1741-4231-af7b-5aae079dab11,EMP-2079,Jerome Ebenezer,0.00,0,0
a3c59812-4286-4ffe-bee6-3b80247e4645,EMP-2080,Lakshan Madhubashawa,0.00,0,0
3f538d5d-129e-450a-8d3b-e170008e687c,EMP-2081,Pradeep Nissanka,0.00,0,0
b7b81b4f-ce78-4f73-9f4d-25beca9cc672,EMP-2082,M H M Risvi,49500.00,0,0
9f7b1a89-4e2c-4da5-8abe-1d140801baa0,EMP-2084,Wasana Prasadini,18000.00,3000.00,3000.00
a17e3775-4fe7-4687-98e9-edcd6402b9cb,EMP-2085,Deepika Priyadarshani,0.00,0,0
05ef6a94-2fea-4d2a-ad57-afb8c2c779a8,EMP-2086,Udara Maduranga,0.00,0,0
5c2dfe98-e64b-475d-916c-8fcf7e3315a4,EMP-2087,Niroshani Nalika,36300.00,0,0
9a36aebb-4a4f-4293-9340-cf5b3e194be4,EMP-2090,Chalani Nisansala,0.00,0,0
f29f49e6-d9f7-46ac-af2d-7ccac820c3c5,EMP-2091,Layomi Udayangani,0.00,0,0
c802d7e0-134f-4cb4-b221-268ff2381ea1,EMP-2092,Kaveesha Hansana,0.00,0,0
7fa16f97-4450-43e0-bc6e-e3c967663a97,EMP-2093,Arul Kumara,0.00,0,0
a3b1614e-e65a-4cf8-a124-e1a5094c431d,EMP-2094,Amarage Udayakanthi,0.00,0,0
538e13df-f50b-42cf-9522-23ab2940125b,EMP-2095,Akash Sandeepa,0.00,0,0
b1de0d6b-82b1-4049-99d8-874278ab84dd,EMP-2098,Niranjala Ubayarathna,18000.00,0,0
33ecbe4c-9a63-4233-8640-b684c22a5e38,EMP-2099,Sethungage Kusumawathi,0.00,0,0
0a3b589f-decc-489d-85c4-14ae3142dcae,EMP-2100,Malki Vidushika,0.00,0,0
c9b6203c-973a-4ec2-9f98-a89c1e086f47,EMP-2101,Dilki Lakshani,0.00,0,0
36997ed0-ad93-4df9-87af-820cf0b0460d,EMP-2102,Anjali Kaushalya,0.00,0,0
10717ea5-5397-4bfc-b08a-a402d0a6a249,EMP-2103,Hashini Nimeshika,0.00,0,0
dd9ed4d9-1932-4b62-8e0b-8104664b7b3d,EMP-2104,Indika Chandani,0.00,0,0
7c10aaa3-f5a7-414e-aa43-d8be1fec7997,EMP-2105,Lakmina Bandara,0.00,0,0
e579dfde-6fee-4a34-9188-fd882959046b,EMP-2106,Ruwantha De Silva,0.00,0,0
f055651f-1520-43cd-8e64-6ec4aba35e90,EMP-2107,Pradeep Karunarathna,0.00,0,0
33ed1be7-7b03-4f9c-85ca-94a452317ea0,EMP-2108,Dinusha Wickramasinghe,0.00,0,0
8a92d8c6-b028-4044-863e-782fc1e18c90,EMP-2109,Sumudu Nuwan,0.00,0,0
b01a413d-b6c3-4fee-9dcf-ac7174f79987,EMP-2111,Shiyama Priyadarshani,0.00,0,0
e88f7b30-ee7f-444d-ba02-09ffbd7b7472,EMP-2112,Selladore Sivakumar,0.00,0,0
5b919c97-dd2b-4d7d-9df1-23a9e83b08a7,EMP-2113,Dinesha Sanjeewani,45000.00,0,0
930adf2d-e433-4511-918f-98d5fdae3572,EMP-2114,Dilmi Nilakshana,0.00,0,0
a35ec08c-af7f-4ecc-9946-08030c1e3e4f,EMP-2115,Nadika Geethanjali,0.00,0,0
edf25d65-1c02-4a6e-9a4b-8e9de530c43e,EMP-2117,Udeshika Senanayaka,0.00,0,0
a21fada4-147f-4203-997b-7f63694433af,EMP-2118,Imasha Anuddika,0.00,0,0
1fe9ab47-62c1-4f0b-895e-797f971a63b7,EMP-2120,Nadeeka Priyadarshani,0.00,0,0
821c9d39-b4e9-4bb4-866c-dc863d7fa811,EMP-2121,Dilani Chandrika,42000.00,0,0
0198581d-eeda-4c25-83a5-eba8f2758b0c,EMP-2122,Sithmi Sanjula,6000.00,3000.00,3000.00
6657a276-7820-4245-8b7c-e3a6cd663d16,EMP-2123,Hemamali  Pushpalatha,0.00,0,0
8d285f3a-f385-4de1-be94-c5e14ccaafc4,EMP-2124,Thakshila Madumali,0.00,0,0
bcb53b3c-8193-4075-baf1-009d1d3aefc2,EMP-2125,Hasini Piumika,0.00,0,0
0ca0b6ca-7f30-4351-bc4d-26a10083011d,EMP-2126,N G Chithralatha,0.00,0,0
d4795d16-d26e-423d-8106-a597076c6c24,EMP-2127,M Logambal,0.00,0,0
7f5f768a-6cca-465c-bdb1-c6998132103d,EMP-2128,Deepthi Hevan,0.00,0,0
ca18d4fd-1537-4cf7-a045-8378da6c0a4d,EMP-2129,Sampath Henri,0.00,0,0
fd2a3041-fb24-4859-aba6-b6ee8492662c,EMP-2130,Joshap Krishani,0.00,0,0
b4a82643-7aae-451d-8ec9-d69588ae17e1,EMP-2131,Madialagan Anuja,0.00,0,0
602c503e-e6a4-415b-81eb-0d6e2a8297cf,EMP-2132,Sammugammoorthi Ushani,0.00,0,0
28e95535-746a-4932-a79e-b756fab40519,EMP-2133,Piumi Nisansala,0.00,0,0
2781b2fb-b4e8-4f97-b182-51976feab425,EMP-2134,Chandani Pushpakumari,0.00,0,0
fbe71d30-d9ef-4f19-bbee-723b9df930c3,EMP-2135,Chandrika Mala,0.00,0,0
dc8f7e6c-d207-424a-868c-53746031fa9e,EMP-2136,Sujani Kanchana,9000.00,3000.00,3000.00
15e7c6a9-10c2-4a21-9a0d-1f0c11e1d161,EMP-2137,Apsara Samanelka,0.00,0,0
8ad93ae9-d808-44a5-8fd6-63cd291e8ca6,EMP-2138,Ravichandran Navayogini,0.00,0,0
ce92a118-3a3f-4c10-a4cc-ce773b576888,EMP-2139,Nuwan Samarajiwa,0.00,0,0
aab9efc2-2d8a-4503-9a19-7be1bfd92a36,EMP-2140,Paranthaman Rajendran,0.00,0,0
58eff631-4717-48d0-8266-b948b15fce24,EMP-2141,Niradha Fernando,0.00,0,0
2513cbb4-f0cd-49cd-8435-db1e0366cf48,EMP-2142,Mano Kanthani,0.00,0,0
acbe7174-da9b-4f9a-a9ba-263de1f34f0b,EMP-2143,Chandana Dilip,0.00,0,0
61025b10-2142-4041-8119-998244697c4f,EMP-2144,Ayirangani Manike,0.00,0,0
10edfdf5-aa6f-4af8-a164-302fdae0808b,EMP-2145,T M Anulawathi,0.00,0,0
60f4a2f2-ed2c-404e-a60c-e13d64229006,EMP-2146,Kavindu Maduranga,0.00,0,0
26cace30-7a23-4397-8573-9aecce152308,EMP-2147,Dayanis Ananda,0.00,0,0
1796957a-3cce-4a2f-9f05-09502c65fcf1,EMP-2148,Jaganath Munasinghe,0.00,0,0
8700fb9c-814e-4f77-9016-95482b91c238,EMP-2149,P H Pemawathi,30000.00,0,0
e2c86ea5-9b2b-4764-b4a4-af010c9fc959,EMP-2150,Samith Erandathi,0.00,0,0
b5c8502c-1624-4cf9-aa29-2024245dd6a1,EMP-2151,Nayana Kumari,0.00,0,0
95d7510a-61be-43dd-9d5c-5ddb4c2bf657,EMP-2152,Chadrakanthi Jayasooriya,0.00,0,0
ae629560-527e-443b-8a62-2b846b82a207,EMP-2153,Chamila Nishanthi,0.00,0,0
7a5aa547-6b09-438d-a8a3-4002dec02294,EMP-2154,Nishanthi Kala,0.00,0,0
44ee3bb3-0ec3-48a5-8b49-96e6c6453133,EMP-2155,Dineka Sooriyaarachchi,33000.00,0,0
aedbdbb9-80cd-437a-9b98-9ff2f5873dd5,EMP-2156,Tharushika Thathsarani,50400.00,0,0
b757dcf6-ab72-4be7-8243-d0cbf03d8595,EMP-2157,Priyanthi Anoma,0.00,0,0
bc985022-c1fe-4357-9d37-ffcd5c190e76,EMP-2158,Praboshini Semsan,0.00,0,0
acd12c65-9388-4a4e-99ef-c3eca8295dde,EMP-2159,Manoli Senevirathna,0.00,0,0
bd518083-cb56-4a88-bf86-f496a8235459,EMP-2161,Mahesha Dilshani,0.00,0,0
c2892e74-5084-4e58-a1ef-2b03aad1798f,EMP-2162,Peelle Gedara Priyanga,0.00,0,0
3c4ac482-de8d-4658-8c28-55699b7fcf46,EMP-2163,Nelka Priyadarshani,0.00,0,0
5335312d-e94d-4edb-ad89-5b86b4bcfc05,EMP-2165,Geethika Kumari,0.00,0,0
12a280ff-61a2-48bc-b0a0-5613bfc4de69,EMP-2166,Ashoka Bandara,46200.00,0,0
1d2996e6-9702-4577-b3fe-d32923800a82,EMP-2167,Pathirage Nilanthi,0.00,0,0
94820e08-be6e-4b89-8ed4-65df21c378a2,EMP-2168,Madusha Lakmali,14292.00,6000.00,6000.00
cb8060f5-bba7-4563-918e-9fa1cc67b76c,EMP-2169,Idunil Sisira Kumara,7800.00,0,0
173d97b5-1084-4dd9-82b2-6d62cce73ff2,EMP-2170,Shammi Natasha,0.00,0,0
7ccbc36f-d47b-44e6-8077-3648f09d68e9,EMP-2171,Tharushi Thathsarani,0.00,0,0
34b17b25-1778-410b-ae07-446f5679a380,EMP-2172,Dilip Pushpakumara,3300.00,0,0
6d3fddb3-e2ff-424b-88f6-1c1660f55793,EMP-2173,Frensis Kumari,0.00,0,0
3f5a80ad-bae5-4be2-b762-cd32e43ee3a8,EMP-2174,Ajith Kumara,0.00,0,0
a67b9964-6330-4599-ab35-6af52aee42bb,EMP-2175,Srimathi Lakmali,0.00,0,0
ec273fd8-5aa4-4ea2-9dbf-a2ccf26c7e60,EMP-2176,Champika Chandradasa,0.00,0,0
8a29e784-3e88-47e9-b075-fde36a713c18,EMP-2177,Wijesiri Banduwardhana,45000.00,0,0
7f3ea629-bbf0-485d-8648-82aab00e526d,EMP-2178,C Chandradevi,0.00,0,0
68a82120-f5e4-4469-82e2-2c7cbe3b4e22,EMP-2179,Rajadore Nibodha,0.00,0,0
aaa22805-7d47-4f08-8ae9-eef878a64777,EMP-2180,Hemanthi Dhammika,0.00,0,0
5485869d-71e8-4e55-85e4-ad57c269b534,EMP-2181,Sugandika Deshapriya,42900.00,0,0
c43a2ecc-382d-48c6-829d-95c0e7dbb622,EMP-2182,A Y Subhashini Malindi,0.00,0,0
b6c52897-09c1-42f7-8c3d-d4bbbec78013,EMP-2183,K M Nimali Samarakoon,0.00,0,0
4dd5f4df-f000-420c-9d82-d479598b95dd,EMP-2184,B M Nisansala Basnayake,0.00,0,0
3925643f-db7c-4dc3-93ec-5025d2110bc5,EMP-2185,Damayanthi Priyadarshani,0.00,0,0
a195304c-ff66-4e50-b1ef-cd4bc382db8c,EMP-2186,Thilini Nawarathne,0.00,0,0
25bc7376-0d07-4a46-b578-737e5cda5e18,EMP-2187,Seuwndi Dinushika,0.00,0,0
62d3421a-c38b-4848-97bf-596815a2640c,EMP-2188,Lakshika Kumuduni,6550.00,3250.00,3250.00
488efee0-ca73-483c-a23b-7ddecda9e6b4,EMP-2189,Taniya Nethmini,45000.00,0,0
45ee6b72-b841-4982-aa53-9b14f405b358,EMP-2190,Niluka Chandani,0.00,0,0
bc4d35ce-f870-44b0-8b87-7cc0f6c5f9d3,EMP-2191,Sumedangani Renuka,0.00,0,0
8c5bbb9e-db01-471a-8dc1-e290e1ca9998,EMP-2192,Velraju Narmadha,0.00,0,0
3b3740fc-1947-4e3b-9f2b-acbc21ff34d2,EMP-2193,Naveen Mihiranga,0.00,0,0
0f807f4e-6f49-4fd0-8978-1b6f99285edd,EMP-2194,Rashini Kaveesha,0.00,0,0
c10d3990-cff4-42ee-8171-e5819ccafa0f,EMP-2195,Chandrakumar Chandur,0.00,0,0
76e5864b-ee3b-4b3f-be57-ba5916a2ead3,EMP-2197,Chaminda Sampath,0.00,0,0
23ea4887-fe57-4bf8-a4c7-f9a3320a0502,EMP-2198,Pradeep Susantha,0.00,0,0
5a497ec9-0cbe-4518-b06c-96ab62975a87,EMP-2199,Chathuranga Sampath,0.00,0,0
52d44356-0614-4a80-bfec-bf0ae377842d,EMP-2200,Sellaiya Thanuja,52500.00,0,0
8709248a-0911-482d-8b38-4ac5b0e6ee07,EMP-2201,Anura Rathnayake,0.00,0,0
a1b0a219-9785-4afd-bd4d-6e18fde348d7,EMP-2202,Asha Sandamali,0.00,0,0
576bb382-4cec-41e8-a189-421548f25381,EMP-2203,Mohomad Sipan,0.00,0,0
dc9442c1-9426-4a94-a541-6e3718bd1c26,EMP-2204,Ajith Keerthi,3000.00,0,0
f4873815-90f8-4d7f-905f-c9710e309339,EMP-2205,Kavishka Dilshan,0.00,0,0
9e79ca3e-a959-4cbc-832c-70902eebde44,EMP-2206,Dinushshika Kumari,0.00,0,0
18eb637a-2587-44a7-88cf-5f116872a89e,EMP-2207,Umesha Maduwanthi,0.00,0,0
7212afa5-67db-44ff-9055-538398ce5a8b,EMP-2208,Niroshani Pathmakanthi,0.00,0,0
83622a50-cfb2-4454-922f-c3109c37f4fd,EMP-2210,Suneetha Kumari,0.00,0,0
e624bcc7-8dc1-4e93-a433-0eb4984120e9,EMP-2211,Tharindu Madushanka,0.00,0,0
069c3544-7452-42b9-9841-d55812a324c6,EMP-2212,M P Nadeeshani,0.00,0,0
4d3182fd-ce5e-4033-b28b-1963739da9b3,EMP-2213,Angelo Lord,46200.00,0,0
032f0316-f0b3-402c-92d8-492b6664ad10,EMP-2214,Sarangika Priyadarshani,0.00,0,0
c042ee47-66b0-4123-89f0-d7f947cc7b64,EMP-2215,Prasanna Kumara,0.00,0,0
c7593de9-0b64-4cba-bd97-1884c354126e,EMP-2216,Anita Sandaruwani,0.00,0,0
728b153c-f15a-431f-bb44-179d851b09c4,EMP-2217,Rachini Lakshika,0.00,0,0
cff3f0fa-5953-41e2-8b2a-3e2e03b8b827,EMP-2218,Y A Sepalika,9000.00,6000.00,6000.00
4c9f70f5-22cd-45ee-81b0-ce3be7656db5,EMP-2220,Sampath Udayakumara,0.00,0,0
8cc1ec02-e1de-4eb4-b993-c0776cdeacd6,EMP-2221,Sampath Perera,0.00,0,0
a74f3f41-bde2-498c-84eb-aefa944872d2,EMP-2222,Ashara Dewmini,0.00,0,0
c44c409f-40b6-4c59-b1b6-1f25f108af2c,EMP-2224,Sujith Nishantha,52800.00,0,0
18bb3d51-305d-4b26-a8d5-600404274d78,EMP-2225,Gunalatha Kanthi De Mel,50400.00,0,0
4eaf9907-63c7-4e4f-8754-6ac83d0c3207,EMP-2226,Chathurika Maduwanthi,0.00,0,0
94543f38-3791-4450-8201-92ac6a0645ab,EMP-2227,Hemantha Wewage,0.00,0,0
77edb2bc-7a9e-4376-b220-35dd882ab8ac,EMP-2228,Kashyapa Bandara,0.00,0,0
30dab1cd-9f0a-4bda-a58e-f06bdc382bc1,EMP-2229,Nimesh Kasun,0.00,0,0
215d3aef-b3b4-42e8-ad09-6611a4409749,EMP-2230,Achala Sharmali,6000.00,0,0
53a4d38a-2470-4d59-a2f1-dd9a07e8d926,EMP-2231,Champika Sarojani,49500.00,0,0
75249c0d-5aaf-415c-90e0-205ea42cda1a,EMP-2232,Janith Kasun,45000.00,0,0
a2f44b01-afa1-4d51-b0a8-871c25801550,EMP-2233,K Suresh,0.00,0,0
e6906b74-83e7-4723-a03e-a48eafb64e28,EMP-2234,Champika Kumari,0.00,0,0
d20ce8f6-02b5-4872-a193-9f2ffed084e2,EMP-2236,Priyantha Kaggoda,0.00,0,0
223a3669-3d2a-43fa-aa6d-9900f68c1ab0,EMP-2237,Pradeep Prasanna,0.00,0,0
bc27a99b-ed7d-407b-89eb-ea3416d24b84,EMP-2238,U K Kalum,0.00,0,0
f8885de1-17c4-4c3e-ad98-f2454b465f37,EMP-2239,Nishantha Gamage,0.00,0,0
08c17926-3009-4499-962d-a64e0a81f41a,EMP-2240,Nilmini Premadasa,0.00,0,0
6551a9a8-3174-42f4-909f-8f9345e56923,EMP-2241,O V Nirosha,0.00,0,0
734c342f-9f12-4cc2-b079-484b475cfe1a,EMP-2242,Sinharaj Saththiyaraj,0.00,0,0
268104bf-bcb8-4fd7-983e-1e7050f6762f,EMP-2243,Neeta Kumuduni,0.00,0,0
01132428-3333-4661-8ec0-93fc83e2e8ee,EMP-2244,Subhashani Udeshika,0.00,0,0
53b49b16-1e7f-402d-b852-febcb9ff919b,EMP-2245,Piyumika Madhushani,0.00,0,0
6d4f57b5-7496-45e5-bd37-03d826df73ce,EMP-2246,T G J Jayanthi,33000.00,0,0
3ecda9a7-3c11-4da1-9066-19a8984ef66c,EMP-2247,Niluka Kumari,0.00,0,0
4a2bb521-1a57-4f67-80fe-ddd4bb819ec7,EMP-2248,Abdul Farhan,0.00,0,0
33257bb8-0a74-4a55-84e1-291ee73edfea,EMP-2249,Nilmini Lanka,0.00,0,0
cdbaf1dc-bee5-46d5-b093-6649b3cc62a8,EMP-2250,Ameen Fathima,0.00,0,0
ea22e995-22ee-4593-b75c-973bee713329,EMP-2251,Inoka Priyadarshani,0.00,0,0
5ee8c87d-aefd-4cf0-a95c-abbc03bfceb0,EMP-2252,Rashmi Fathima,0.00,0,0
b0ecaa4b-c3c2-4bf0-8973-4fd5446c3c9e,EMP-2253,Anuradha Manjulani,0.00,0,0
a44f9f0f-526c-47f3-8c6a-9641f2c4ed35,EMP-2254,Thilini Maheshani,0.00,0,0
2e8b2618-3941-44e8-bc53-3fd6b03f6c08,EMP-2255,Shakila Dilshani,0.00,0,0
86d26fe8-9c9a-4224-b59e-d34173584b22,EMP-2256,Jayalath Shantha,49500.00,0,0
b34b2ab0-4bd2-4f47-bada-6b49111f6547,EMP-2257,Kelum Krishantha,0.00,0,0
6ba4d850-e034-450b-a2fa-9265f9398c03,EMP-2258,Samila Maduwantha,0.00,0,0
6dfb8a0e-c5d5-4749-a72f-f47999dbe601,EMP-2259,Niresha Indunil,0.00,0,0
3346b208-1068-4681-b494-beaacfefa7d5,EMP-2260,Susanthika Jayalath,0.00,0,0
8e0fbbb8-d19e-4cb1-8691-d42c428a7ff4,EMP-2261,Kesawan Selladorei,0.00,0,0
8606f40b-42cb-4d68-ab24-c9a55a2b8a15,EMP-2262,Sunera Supun,0.00,0,0
0c2489d8-1ff9-4d24-8ad4-dc42bf46a732,EMP-2263,Mohomed Farook,0.00,0,0
bdb1e3db-6eb3-45c7-9e28-cdfce7e9b9b5,EMP-2264,Nilushika Jayakodi,0.00,0,0
21aec90c-2610-4133-ad44-d8ac981e0f3d,EMP-2265,Uthpala Maduwanthi,0.00,0,0
67edb39f-b289-44c5-b7d6-2f56c4f0ea1b,EMP-2266,H H Surangi,33000.00,0,0
b92396b3-9a1b-465f-a3b3-8ac838aa874d,EMP-2267,Mallawa Arachchige Ramyalatha,0.00,0,0
6e29fcde-3265-4c80-be4c-6d1f06774163,EMP-2268,Kumari Wajintha,3000.00,0,0
72b098c6-9696-4691-a050-d203b31841ad,EMP-2269,Surangani Menike,0.00,0,0
f73852dd-1acd-49b4-b119-fcf77ea31f13,EMP-2270,Thanuja Dilhari,0.00,0,0
87d36a00-bfa5-450d-8f81-26e43e3945ff,EMP-2271,Bawani Diwyanjali,0.00,0,0
4a7b8a55-c942-4edf-ac84-bce4ceaac3bc,EMP-2272,Rajan Dinesh,0.00,0,0
9747b1f8-e517-494f-9709-08598624a86b,EMP-2273,Harshani Madhuwanthi,0.00,0,0
01a3f12f-6079-4e90-8c34-6a63efb4455a,EMP-2274,Anura Priyashantha,0.00,0,0
653bb6e3-a0c4-4cb8-9167-4b095725b4f2,EMP-2275,Prasath Madushanka,0.00,0,0
b2a91e87-1e46-456e-9bdb-b19b6ff79765,EMP-2276,Heshila Vindya Kumari,0.00,0,0
a74f797d-3b72-4d5e-b52a-879679e9a7b5,EMP-2277,Sivakumar Prendranath,11400.00,0,0
d7a6f74e-e3f9-418a-8d44-d158f7540a15,EMP-2278,V A Kusumlatha,0.00,0,0
460f001c-6507-4256-860f-2f64b41ce37d,EMP-2279,Chandima Lakmali,0.00,0,0
b7da9a93-bc46-4dc1-b7f0-73aa9f737e70,EMP-2280,Kawmal Ramyanatha,0.00,0,0
2b1b210a-281a-4463-ac02-c96b602334f5,EMP-2281,Nayana Damayanthi,0.00,0,0
7ccfcbbd-ffb4-46c3-8883-ca102c3ee19a,EMP-2282,Wasana Maduwanthi,0.00,0,0
eccd5ab8-9a82-4d30-8d05-4f2358a6ac08,EMP-2283,Nadeesa Sadamali,0.00,0,0
90da85ca-1fd0-424e-9211-40463011aae0,EMP-2284,Upeksha Lakmali,0.00,0,0
45d8e1b4-bbdc-4b02-a76a-277a7b368f80,EMP-2285,Iruka Kanchanamali,0.00,0,0
6c505923-4a84-4738-a414-1e0314fca036,EMP-2286,Wathsala Indramali,0.00,0,0
2e232d80-e429-4c65-89c7-69a452aa110f,EMP-2287,Kumari Manjula,0.00,0,0
14c8cf25-ddee-4460-9bbd-81fa39334076,EMP-2288,Malani Deepika,0.00,0,0
03a6aa64-14da-4778-b6ed-60cec54d4e98,EMP-2289,Rumesh Perera,0.00,0,0
03146b24-f841-4658-a797-23f2ad0526ab,EMP-2290,Nipuni Apsara,0.00,0,0
15cc5747-5328-4fa8-9080-24af27bb64d9,EMP-2291,Mahesh Sanjeewa,0.00,0,0
c15f4e46-77e9-4034-b8ac-ffb04fc65d08,EMP-2292,V Godvin,0.00,0,0
074e80e6-8e33-43b6-bd89-32930ad24cfa,EMP-2293,Yasundara Erandathi,0.00,0,0
ac3f1748-9993-4b96-9ade-a2aa711b048a,EMP-2295,Kalei Chelvan,0.00,0,0
4411d2c7-21de-44f0-be19-ab5a598a9a82,EMP-2296,Nuwanthi Chathurani,0.00,0,0
1886e561-a1de-44ae-a5f1-dbab67e344fb,EMP-2299,Chandani Malkanthi,0.00,0,0
b9b3e508-a4b6-48ca-9efa-2a246657ee86,EMP-2300,Siri Nilanka,0.00,0,0
446582db-7959-4574-881d-a7716159a408,EMP-2301,Thanuja Maduwanthi,0.00,0,0
1df30afe-bdfe-413d-a395-a827f9594817,EMP-2302,Nirmala Meena,0.00,0,0
61d97d06-4a45-4480-ab34-396fbb68fa7d,EMP-2303,Nadeeshani Sandareka,0.00,0,0
3768df74-3fbd-41b1-9b6b-ceae7a2b376d,EMP-2304,Anushka Sewmini,0.00,0,0
d826b56e-6dd6-4617-a0ef-2d99654c32a1,EMP-2306,Perumal Nesamalar,0.00,0,0
ca97c032-f328-4ddb-8e26-835fad97daaa,EMP-2307,Dayana Trilishiya,0.00,0,0
c2e95fca-2de7-4f77-bdcf-f3c4d83c1719,EMP-2308,Manori Madhurangi,0.00,0,0
a22084ee-3948-4d9f-a788-e16cc12faa92,EMP-2309,Rushani Sachinthani,0.00,0,0
a3c03139-e570-4f13-a286-945b2a61abe7,EMP-2310,Chandani Latha,45000.00,0,0
0a20a554-8db4-4686-b5f9-b80262766603,EMP-2311,Salani Punsara,0.00,0,0
0a8434ab-ef93-4b43-8539-a0b1f28d4d49,EMP-2312,Dishnaka Sri Sandakelum,0.00,0,0
abbc8b6e-8d37-4b90-88b1-ee4e28d2c456,EMP-2313,Mahendran Mailwagam,0.00,0,0
6cc858a4-abf2-40e2-97c5-081b2c9924e0,EMP-2314,Yohana Dhanushka,45000.00,0,0
056b83c2-a32b-413e-a1a3-48470f096068,EMP-2315,Prasad Jayathilaka,0.00,0,0
59aed044-3592-4560-8ea3-d96d1e841198,EMP-2316,V Indrani,0.00,0,0
c8b0b7b8-927b-4b13-8489-8a6f72b5979d,EMP-2318,Ashoka Indrani,0.00,0,0
49c3c610-ba4a-4409-b00c-7a4bf883630e,EMP-2319,Vimukthi Sagarika,12000.00,3000.00,3000.00
e8a3bf94-0a5f-4c10-bdd5-3f0fc5458c44,EMP-2320,Nirosh Chandima Jayawardhana,0.00,0,0
0a0bf115-a08c-4195-a3b1-537b6d52c29d,EMP-2321,Sajith Sadaruwan,0.00,0,0
a8633e58-2947-4dca-846a-7ed305495501,EMP-2322,Ramuraja Dilushan,9900.00,0,0
d6d1fae0-72d3-41e8-94c0-5748012417c9,EMP-2323,V S Chandika,0.00,0,0
de094886-1492-47bd-9e83-ab2a07518d6f,EMP-2324,Joseph Peter,0.00,0,0
04d2ec05-bf94-4c9e-a2d9-8b41ebd8834e,EMP-2325,Darshani Dewika,0.00,0,0
e5322e3d-d693-46df-8fdb-e8b4433f96a9,EMP-2326,Anusha Padmini ,9000.00,0,0
6df496ae-1cbc-4063-a21d-faca7d9e2738,EMP-2328,Udeni Wasala,0.00,0,0
b143be60-7d71-4e25-b676-cf5cf9d5b25a,EMP-2329,Asanka Devappriya,0.00,0,0
f2f20b6a-2b6c-49e5-82d7-f21351c53c21,EMP-2330,Anusha Sampathi,0.00,0,0
c1cd634a-f266-41f3-8400-e9d5e09b7885,EMP-2331,Lakshmi Devika,0.00,0,0
2ecbea87-a6d0-40c4-a6fe-f82b3e4bb0dd,EMP-2332,Pushpalatha Samarasinghe,0.00,0,0
042b8f4c-c58f-4350-bd76-64fe098a19d1,EMP-2333,Nimali Dilrukshi,0.00,0,0
89aec0c6-a296-42cb-8cea-8f4d97d3abd1,EMP-2334,Dimuth Milan,0.00,0,0
0e89ec26-31f0-46b9-a33f-5d7088e4a7ba,EMP-2335,Fathima Waheeda,0.00,0,0
fcfb87db-8b69-46a8-bfce-3f65e5ecad2c,EMP-2336,Lasith Sudeepa,0.00,0,0
e11add88-6eaa-4d85-a93e-e635663d1362,EMP-2337,Anoma Priyangani,0.00,0,0
3ffd5d14-2142-42e6-b8d7-15e7f84405b7,EMP-2338,Shiroma Ranjani,0.00,0,0
959697e6-52a5-4e24-a23a-74be62c0bd56,EMP-2339,Gayathri Sandamali,0.00,0,0
237eab20-6bed-4c1f-9257-7f9ff69ddd99,EMP-2340,Erandika Prabhani,0.00,0,0
ce3331af-a361-4727-b129-1b637d582927,EMP-2341,Sachin Madushan,0.00,0,0
faa0c714-3ddd-4cef-8578-8cfcec45960f,EMP-2343,Thangawel Desadipathi,0.00,0,0
54daa877-e827-4673-a585-0b0c51637b0d,EMP-2344,Palanivel Kulakshi,45000.00,0,0
179b28a6-8727-47d1-a0a9-f5b67b08d17e,EMP-2345,Sisira Bandara,0.00,0,0
f6574391-5b65-49a4-bdae-659eb0da2a48,EMP-2346,Praboda Sewwandi,0.00,0,0
1ffe8c39-52fa-4065-9b05-7268b4a02c32,EMP-2348,Sajith Ravindu,42000.00,0,0
da653e47-0cd8-432d-8761-1a783f4711e7,EMP-2349,Reka Jayalath,0.00,0,0
977fde9d-a84d-4c68-93e0-68e3a2d479c6,EMP-2350,Malenee Kumari,0.00,0,0
5247a5e0-46b9-4e81-96a7-e3d16eacabe0,EMP-2351,Emaleen Nona,0.00,0,0
6076f55f-0f5b-46bd-90dd-0cbf51525ce1,EMP-2352,Irushini Radini,45000.00,0,0
1181a8a2-2ed0-4827-92e9-6a8207fd0ccb,EMP-2353,Sriyani Jayasekara,0.00,0,0
c1c085a6-e56c-4c48-bc80-8391aa115153,EMP-2354,Nirosha Udayangani,0.00,0,0
9ca14941-b120-48a9-b18f-1e3ac8327afb,EMP-2355,Niyomi Nishanthi,42000.00,0,0
4bc8f04b-e44f-4fca-b7be-23592943d0db,EMP-2356,Dilhani Priyawardani,45000.00,0,0
da28d98f-0cf7-495e-8253-bd1203bcef05,EMP-2357,Renuka Erandathi,0.00,0,0
b90b49ee-048e-4cd1-82d4-b1e5734c4bd2,EMP-2358,Lakmini Hiresha,0.00,0,0
d7f092de-ccc2-4bef-a943-9d4774c69b3a,EMP-2359,Dayantha Kumara,49500.00,0,0
c4f84f40-8784-454d-8f7e-b6c31323292d,EMP-2360,Kushan Kavinda,0.00,0,0
8bca2b32-3957-4bce-89d1-e5cfb8daea66,EMP-2361,Ayesha Udayangani,0.00,0,0
862ac930-1a6a-42ef-8b12-efb6ddd05b0c,EMP-2362,Selvaraj Soudraliya,27000.00,0,0
92b6dcc8-c16f-467b-9b47-ea2b0baaebba,EMP-2363,Prasad Sampath,64500.00,0,0
6652eb9e-7036-4b75-8e8b-9ba1c86d4aa8,EMP-2364,Samanthika Priyadarshani,0.00,0,0
6c1f9c69-fb77-44ad-8bec-a07cd24dfd3d,EMP-2365,Tharushi Prabodhani,0.00,0,0
ed5a9ef4-3f2b-4b13-82fd-2bb3bdbc5d6c,EMP-2366,Dileeka  Sandamali,0.00,0,0
bbb1a76f-56c6-4f96-b98d-49eae3196d8c,EMP-2367,Ayoma Thushari,0.00,0,0
b7b569fe-763c-43e4-908f-de3d13feaadc,EMP-2368,Sarath Premasiri,39000.00,0,0
d6898892-3e16-44c6-b45c-5ec0fab99d35,EMP-2369,Maheswaran Abhihal,0.00,0,0
b13eaad3-18fa-4ccf-b3bf-762960361db7,EMP-2370,Gayathra Sakuranga,46200.00,0,0
b5322fd3-5846-41c8-9673-ebb8e06d3ea5,EMP-2371,Nirosha Paranavitharana,0.00,0,0
00d9bc60-bdbf-4e4a-a0ea-ed85e42fb773,EMP-2372,Nalliah Rames,0.00,0,0
66cd55c6-8306-49d3-8aaf-61e11ebd9b1d,EMP-2373,Nilushi Priyadarshani,44800.00,0,0
970d8e0c-62e3-4a2d-948e-75cdd0d4441a,EMP-2374,Dulip Ranjan,0.00,0,0
1375d7af-910a-42ea-8a1a-e00757111b2b,EMP-2375,Minuki Niranjala,0.00,0,0
2400c7e1-7834-4fd7-b9d0-705b4e4b792b,EMP-2376,Thilina Chaminda,0.00,0,0
ec9ab18f-38a8-4999-bf62-4b249aeb9008,EMP-2378,Gnanasekam Nadeesha,0.00,0,0
56ca9025-72fa-49dc-a592-33c83764c7a6,EMP-2379,Dammika Lasanthi,0.00,0,0
4313f14f-f32a-4032-bf89-d15c707ec025,EMP-2380,Niroshani Rajamuni,0.00,0,0
e827420b-f793-4d2c-ad94-b9a171c2c98a,EMP-2381,Swarna Kumari,0.00,0,0
01b22a71-9000-427b-8b07-24b3202e29ef,EMP-2382,Indrajith Danujaya,0.00,0,0
2fb9bed6-956d-4c59-a58f-c8513654ef89,EMP-2383,Sivakumar Nirosha,0.00,0,0
990306fb-afc8-4942-909d-5e0d897bc7f8,EMP-2384,N G Premarathna,0.00,0,0
3682085d-d799-4eb2-8586-b40c2b44b38a,EMP-2385,Fathima Nathira,0.00,0,0
0e3a7f65-439c-42f1-9a66-1c9aec2607b2,EMP-2386,Ruwani Lakshika,0.00,0,0
1989aab0-dac8-4dff-9141-6f5043e18ad6,EMP-2387,Manusha Prasad,0.00,0,0
0e8e0a12-1791-4aa3-ba3e-e1b730d1867b,EMP-2388,A Ranasinghe,0.00,0,0
0fb5a440-711f-490f-82ac-13972559df52,EMP-2389,Vineetha Mary,0.00,0,0
5c1f63b8-8f2b-4c6e-bf5f-f50cd834b3e6,EMP-2390,Ruwini Swrnalatha,0.00,0,0
febc7fb3-b8eb-450f-bf1d-68f89b188dfd,EMP-2391,Anushka Nawarathna,0.00,0,0
0e4f274f-1f35-4f53-8a3d-ae02b4161c5c,EMP-2392,Himashi Nethsara,9000.00,0,0
3d863530-7bc6-4fe6-8335-4c5d457039c1,EMP-2393,Hashani Malki,0.00,0,0
670eed44-ace7-4fe5-9a25-2421ff36528f,EMP-2394,Oshadee Kaushalya,46200.00,0,0
3b6329ca-ab27-4f2e-8e62-4d8506d81bdf,EMP-2395,Nadeesha Madushani,0.00,0,0
551d7db1-80c8-4661-9d62-43f67cdb7a5f,EMP-2396,Iroshani Samya,0.00,0,0
4221fe50-9dfd-4fa7-a0f1-6dd83f8bcc75,EMP-2397,Senura Dilshan,0.00,0,0
42e47f73-d9e7-4493-a42d-fd11d43f80b4,EMP-2398,Anoma Manoranjanee,45000.00,0,0
167bb565-4b3f-489a-af60-4d0f12efe232,EMP-2399,Vimukthi Adikri,0.00,0,0
236f6e6b-6a3c-451d-ab0c-3af089ce9dab,EMP-2400,Lakshitha Gayashan,0.00,0,0
b795d693-a1dc-470d-a7cb-d8f09b7eb727,EMP-2401,Sadamali Subodhani,46200.00,0,0
b4bf9140-c74d-427e-9ab7-111adefa1d74,EMP-2402,Lanika Jayasinghe,0.00,0,0
81f0bc6e-6b65-4ffa-ba2a-0240287c466d,EMP-2403,Suresh Kumara,0.00,0,0
b1315b49-00f9-42d7-83f9-950174b0e846,EMP-2404,Mervin Perera,42900.00,0,0
f72561c2-0657-4850-89c0-2116f9c0c891,EMP-2405,Chaminda Jayalath,39600.00,0,0
71556345-c913-4e6c-9d5b-f12850de431a,EMP-2406,Kavindya Sandeepani,46400.00,0,0
69510ff3-70bc-453b-a5c6-311741e16bc7,EMP-2407,Samitha Nayomi,6000.00,0,0
9498910f-351d-4f50-bd21-a9a6fba1ced4,EMP-2408,Chamila Wijewardana,42000.00,0,0
350ca813-65e8-46ee-a429-78c02f7498c2,EMP-2409,Chandrani Bolabotuwa,0.00,0,0
bc425527-0c16-4bd5-a13a-50b68551dabd,EMP-2410,Buddika Roshan,0.00,0,0
f1d27051-45fc-44ec-93f8-2bff338ac0b5,EMP-2411,Diyuni Dinusha,0.00,0,0
ff9d609f-1e38-45ac-ad12-370c45f74c52,EMP-2413,Lakmini Wasanthi,42000.00,0,0
d18d248d-4f97-4231-ba47-59a83a10ee69,EMP-2414,Rajarathnam Kawshika,42000.00,0,0
4bfd7b7b-fd02-4ec2-805c-48937f2a153f,EMP-2415,Priyantha Silva,0.00,0,0
cf51d017-1dfb-419e-a4eb-1d899a6fa70f,EMP-2416,Renuka Vidulipura,0.00,0,0
9f4f8f3d-bed9-4718-92a4-85bf4e632890,EMP-2417,Kavindu Lakshan,0.00,0,0
4e8b0c79-265a-44e4-90f9-979326292f7d,EMP-2418,Dasuni Deneth,0.00,0,0
bf8a65ae-2ced-479d-9410-28e5137c1336,EMP-2420,Avishka Rodrige,6300.00,3300.00,3300.00
b87faf75-6282-4c3d-bc41-75c04a5d9100,EMP-2421,Chandrika Subhashini,27300.00,0,0
9c257448-3c7d-4ba0-89ca-78a780afe2f2,EMP-2422,Ameera Prashan,0.00,0,0
5fc75272-bca3-425d-a4a7-45528467eeb9,EMP-2423,Lasanth Wijerathne,0.00,0,0
16c19aa5-d647-4620-afc0-b40f3d4f0850,EMP-2424,Susantha Ekanayake,12900.00,0,0
dcd9c6f8-4f22-4d63-bcaa-e37def811cfa,EMP-2425,Nihal Priyantha,0.00,0,0
987a6ec8-253b-415c-b6ba-dcad80639180,EMP-2426,Asanka Kulathilaka,0.00,0,0
c06181b4-6e70-45ef-9e96-7ab6ae42b564,EMP-2427,Anura Jayanandana,0.00,0,0
63fabfcd-8650-4ed6-9314-d1cf08f2fac2,EMP-2428,Ireshani Madushika,0.00,0,0
6d82a4ef-0bb9-4af5-8713-79ebd2d198a2,EMP-2429,Shehara Awanthi,0.00,0,0
d149df80-c2e7-48d3-8480-276425788fef,EMP-2430,Jeyamini Princy Kumari,68000.00,0,0
77c1844d-0e6e-414e-9e7e-4fff6306608b,EMP-2431,Senuri Jayasinghe,0.00,0,0
224b8705-bb4a-4c8e-a6ba-cf1f14769b30,EMP-2432,Jayasooriyage Swarna,0.00,0,0
0493cd15-363f-4d67-9d98-b7f68e91484d,EMP-2433,Suminda Wijesinghe,52500.00,0,0
ef741f93-4415-4895-bf2e-b2d9dd954081,EMP-2434,Shiwanthi Madushani,48200.00,3200.00,3200.00
18700b7f-fae5-4232-9d1b-d59d0f6c1085,EMP-2435,Lakshmi Balasuriya,0.00,0,0
d251f98d-5efb-4b40-b171-6b84e5e952d1,EMP-2436,Sajitha Jayamali,42000.00,0,0
79279898-c5ee-408d-bcab-f4b38c7884fd,EMP-2437,P U Parshan,0.00,0,0
95d27680-803c-4e59-bad7-56ef79cd5418,EMP-2438,Manoj Priyankara,39000.00,0,0
0cee331d-e30f-48f1-be79-05277ccf4f71,EMP-2439,Indrani Padmalatha,0.00,0,0
290342a9-48ea-4207-ab26-767c5fc5c141,EMP-2440,Dinithi Nisansala,42000.00,0,0
f89de457-dad4-4b6d-840f-e176d3a4c10d,EMP-2441,Danushika Thathsani,21000.00,0,0
8d7c8da5-6c50-4dca-8be7-274a5b1addde,EMP-2442,Madasami Sivakumar,0.00,0,0
21b2b7d4-fbe1-443b-8ce7-11423c5eead7,EMP-2443,Hiruni Hansani,0.00,0,0
585a4b5c-d6a8-49ef-aaad-f24e41dd7968,EMP-2444,Prabodi Maduwanthi,0.00,0,0
9a785f38-f167-4989-b3c1-3d5525c37c4b,EMP-2445,Sudarshani Priya,0.00,0,0
5059f495-a4e5-4405-9524-3bebfd6d9e2b,EMP-2446,Dilki Madushani,12000.00,0,0
079ef601-c2d2-4843-9183-6a7548e66dc2,EMP-2447,Ranjani Kulasinghe,0.00,0,0
a3a61fbc-3a8a-455e-b702-9325f71faf13,EMP-2448,Amith Sanjaya,0.00,0,0
883bfb0b-079c-4ab9-a066-a14080a3b631,EMP-2449,Sampath Kumara,49500.00,0,0
443bfae6-466a-499f-a473-fd2087a77dfc,EMP-2450,Iresha Lalani,0.00,0,0
6a4077ff-f62c-4a1c-a0b5-6433291cef9a,EMP-2451,Isangika Nadeeshani,0.00,0,0
8d68a17d-a3f5-4876-bd57-5f2df62786d6,EMP-2453,K Niyoda,6000.00,3000.00,3000.00
dc86255f-2ab8-4507-94fb-972b61f0d90e,EMP-2454,Sandar Ushan,0.00,0,0
6e3b3b50-e82e-4804-8fb4-a7d963f7ee76,EMP-2455,Anusha Kumari,0.00,0,0
053c65f5-b672-4ce6-a1bd-e558b519cd96,EMP-2456,Chandimali Sachethana,0.00,0,0
68ac45cc-d838-47a1-ba66-11515d79a2ef,EMP-2457,Malithi Ishara,0.00,0,0
0074906b-4e2a-4369-9600-0c808efdfe60,EMP-2459,Gimanka Hansani,42000.00,0,0
b282c454-0824-4a4c-8afd-784b3aac0b17,EMP-2460,S Trilakshana,0.00,0,0
a51a868c-4231-4efc-928f-16d5f605ae22,EMP-2461,D M Thushari,0.00,0,0
7e0f004e-67af-4de8-b69e-6557c624d708,EMP-2462,Vishaka Srimathi,0.00,0,0
47817c59-3488-41e3-9984-2e2cf5ce381d,EMP-2463,Ushani Iresha,0.00,0,0
b6d1792a-a758-490b-9bdb-3fc8a29ae12d,EMP-2464,Ramesh Lakshan,0.00,0,0
2a9cc747-4c6f-4c59-8b99-9fd56681c93d,EMP-2465,Kaveesha Sewwandi,6000.00,0,0
f6e343f6-00ec-4a27-a3b8-91f9974c93f8,EMP-2466,Hemantha Senarathna,0.00,0,0
d40f327e-cace-4754-9797-39739263d5c5,EMP-2467,Chathurika Madhuwanthi,45000.00,0,0
e2c26ad6-9de1-4ef4-9f48-e884b4aa96f0,EMP-2468,Tharindu Priyantha,42000.00,0,0
66d0f025-36bc-4c5d-b882-df0f1c62011d,EMP-2469,Nalika Sandamali,0.00,0,0
f138d337-b85b-4d83-aec8-c8ce0a7e3746,EMP-2470,Lalani Kumari,0.00,0,0
b254940d-d9b4-4dea-b787-60407eccbdb2,EMP-2471,Pasindu Sulakshana,0.00,0,0
79d44d19-c7b3-4240-b4e8-d7acce7a7cb6,EMP-2472,E H Alice Nona,0.00,0,0
2aaf72f1-31b7-40f7-ba04-73b8aa65d093,EMP-2473,Kirubalini Satheesh,0.00,0,0
84528f56-b056-40ff-9936-5faea62e7510,EMP-2474,Murali Kirishonthika,45000.00,0,0
479c019e-d33b-48aa-8271-3d1e17b369cc,EMP-2475,Sewmini Nathasha,0.00,0,0
2b480d50-c1d3-4dbf-afc3-c5c933832b21,EMP-2476,Iresha Kumari,0.00,0,0
0e461fc2-5cef-46d8-99c7-0ddac3d9835f,EMP-2477,Aruna Akalanka,0.00,0,0
9eec9290-24fa-4a3a-86b1-c14981b46996,EMP-2478,Udayanga Bandara,45000.00,0,0
8090ea23-d714-4aef-9120-619c58e6ee1e,EMP-2479,Sajith Eranda,42000.00,0,0
e48f6bcf-abca-47c8-bd6e-db07df25d958,EMP-2480,Pramitha Madhushani,0.00,0,0
455f75f9-c527-4b12-90cd-6196c58e095b,EMP-2481,Geethika Sewwandi,0.00,0,0
0c78a2fb-1225-4905-a19a-5f04e82a8562,EMP-2482,Kavindi Madubashi,45000.00,0,0
af102b51-d32d-4db1-9354-2557febe1388,EMP-2483,Imashi Dewmini,0.00,0,0
c25fd2d9-7da2-4a54-afec-9f2a9c6349c8,EMP-2484,Hasantha Madumadawa,0.00,0,0
771ca107-bb4a-43f7-a97b-cf8a56a287d9,EMP-2485,R Komathi,0.00,0,0
3a7420ae-3dbc-45c8-b435-7443eace3166,EMP-2486,Dinusha Jayawickrama,39000.00,0,0
f6b531af-eb8d-4839-913b-a5dc3ee50e82,EMP-2487,Nimal Jayarathne,0.00,0,0
8ccad5bc-53ed-4078-a4a0-ec8960166848,EMP-2488,Kelum Mdhuwantha,0.00,0,0
de1372ed-7515-4218-a2c8-7abc8f4a2f02,EMP-2489,Nishan Dilruksha,0.00,0,0
7b6176ac-9637-4f90-8f76-669869d9dc62,EMP-2490,Sudath Lakshman,0.00,0,0
b604027b-71d3-467b-856b-18e7644db7cf,EMP-2491,Prasad Lahiru,3300.00,0,0
3983363b-d414-4675-af37-13b50467d887,EMP-2492,Priyanka Kumari,29700.00,0,0
6aedb347-879e-4c2d-86be-3254383ca807,EMP-2493,Salani Dihara,42000.00,0,0
3b498929-7b2e-40a3-b051-f417cc7632ac,EMP-2494,Akshaya Preethi,0.00,0,0
436059f7-f975-4c57-b406-ad6976e3a8f5,EMP-2496,Samuddrika Harshani,33000.00,0,0
d6470250-1bbe-4985-95d8-77107dec25ff,EMP-2497,Sandya Sadaseeli,24000.00,0,0
0d2a0e47-2de4-4d19-9875-d6ef0bb4dfed,EMP-2498,Thilakachcharige Priyangika,30000.00,0,0
e4baaf4c-1d3f-4e91-8320-6f251b846424,EMP-2499,S Sidath Roshantha,48000.00,0,0
9435349a-7034-4ce5-a099-6dc4b6433846,EMP-2500,Renuka Mendis,0.00,0,0
57032f44-abf1-40dd-8450-2ec171c1aaab,EMP-2501,Wathsala Tharangani,0.00,0,0
d1ab11ba-5e4e-4c6d-a025-5613a5a6e7d7,EMP-2502,Rajarathnam Lavanya,0.00,0,0
964ee5bb-a2c0-4597-96e9-79e83724d5ca,EMP-2503,Mithila Dammika,39000.00,0,0
655eebb0-4013-432c-9fc3-13b36e804bac,EMP-2504,Sachini Randima,0.00,0,0
b64b22d8-11a0-4748-b21f-75f6b8676fdf,EMP-2505,Pushpalatha Udaya Kumari,42000.00,0,0
00d19292-7b7d-4ae4-887c-c31bf089b923,EMP-2506,Thakshila Thejani,28800.00,0,0
030fe18a-fe2b-4780-b5b1-75ddfdb8b6a7,EMP-2507,Nisansala Madumali,0.00,0,0
8eb9d142-9116-4cf4-82e6-df226b9bf43f,EMP-2508,Chamalsha Nethmini,0.00,0,0
03b9ed78-8b29-42b1-9c9d-3a5ab5ae7785,EMP-2509,Sabeetha Tikiribandara,0.00,0,0
7de775a2-1c5e-4536-a375-dc99c122bc19,EMP-2510,Shammi Nadeesha,0.00,0,0
0a2ed099-2be7-43ab-8d96-2f890446870a,EMP-2512,Nethmi Madubhashini,22800.00,0,0
4dc08990-f0c5-4aac-b838-fed430465a1f,EMP-2513,S D Nethmi Sathsarani,0.00,0,0
f865a5fb-c931-448f-876b-aacc32d40c27,EMP-2514,Athma Senarathna,0.00,0,0
92f5cc86-dfd1-4e7e-be62-9f01f04abd3d,EMP-2515,S K Agalya,45000.00,0,0
c945168a-0048-441d-89df-315746a83971,EMP-2516,M N M Nazar,0.00,0,0
678da944-4263-4025-a95a-bcf06d8f27d9,EMP-2517,J Sarmila,0.00,0,0
fdae24cb-b3c5-46d4-b130-89c011197c80,EMP-2518,Parkavi Madushani,0.00,0,0
3fbb059d-95b6-4804-b042-82137c059bda,EMP-2519,R A Gunarathna,0.00,0,0
21017006-9f61-4da7-bf7b-94e923c1fd36,EMP-2520,Mohomad Shiraz Lai,45000.00,0,0
db004b65-3af9-4c96-9fbe-adf45319ad7c,EMP-2521,Suresh Dishalini,48000.00,0,0
c3d73c73-7243-48f9-906e-4d7a1acdaf10,EMP-2522,Madasami Kanagaraja,0.00,0,0
257d9ad1-0f6e-4f62-8035-845ee9929d83,EMP-2523,Sewwandi Jayasooriya,36500.00,3500.00,3500.00
84e7b583-811b-43a7-b7c6-fc505024a992,EMP-2524,Thushara Gunarathne,0.00,0,0
086259f1-e07c-4f4e-9e00-05f96da157bf,EMP-2525,Nuwan Santha,42000.00,0,0
84ba9a83-ace3-4d20-a7ee-05389d44311b,EMP-2526,Sooriya Kumar,42000.00,0,0
94b0803c-f2a3-413b-bb3c-e0a0f9d3385d,EMP-2527,Vindaya Subodani,0.00,0,0
04cbb357-dbe2-4988-8701-a537e0014ccf,EMP-2528,Sathya Akarshi,0.00,0,0
eb8639d3-db67-47aa-8922-12fcebd3e9de,EMP-2529,Krishnaraja Dharshani,24000.00,0,0
55623cd0-5178-42ca-9dd5-caf2bff53a14,EMP-2530,Edirisinha Gamage Chandra,0.00,0,0
27f1c3cd-e2e3-4dd0-aaf9-f1547e7ff839,EMP-2531,Deshani Navodya,47300.00,0,0
134f1dea-da22-44b9-a4c3-9fbc265d1559,EMP-2532,Chamari Anuradha,0.00,0,0
ccb18a76-5046-43bf-91bd-e4c8500050ad,EMP-2533,Ashen Champaka,0.00,0,0
48f66c8d-6c45-4a2d-8e1b-798fd2389604,#EMP-2534,K.H.G Suneetha Kuburegama,0.00,0,0
57f622cf-4691-45eb-97b8-01ab1c677c64,#EMP-2535,T.G Anjana Diwyanjali,0.00,0,0
a6340ec6-2e47-43d3-b4e2-95ce9e84447a,#EMP-2536,K. Shammi Hashan Anthony,0.00,0,0
f16e643b-7046-4070-b251-b07e0b1dec3e,#EMP-2537,P. Nadeera Jayani Samaranayake,0.00,0,0
e7060176-9e82-4e8b-9681-645d9694b81d,#EMP-2538,Sanath Athulasiri,38100.00,0,0
31a62739-886a-41c7-a7d5-ca0ad67aad54,#EMP-2539,P.Susani Shivanthika Fernando,49500.00,0,0
fdb672e4-6763-482b-b03d-3ca746c7fe2a,#EMP-2540,L.T Lakmini Thilakarathne,0.00,0,0
31719887-2d4f-4e79-8be5-1ae9dcf10882,#EMP-2541,Nuwan Sudarshana Bandara,0.00,0,0
c7e0ba65-968d-4d18-9f41-636773f93505,#EMP-2542,H.P.H Umashi Perera,0.00,0,0
0c5263c1-9d81-4339-8b06-cfec80bc45d6,#EMP-2543,M. Niluka Wasanthi,0.00,0,0
fc4c3904-048f-4ee5-8801-1dfd38339894,#EMP-2544,Janaka Pradeep Dunasingha,0.00,0,0
91036a06-a48f-4d3a-95f5-c755a1419902,#EMP-2545,W. Sasindu Sandeepa Wikramasingha,0.00,0,0
be54719e-a9a2-4bd9-bf91-c9cf4fef2cfe,#EMP-2546,W.M  Indunil Akalanka,0.00,0,0
d3c8dc4c-a6ec-4329-90f4-b6cd5bd347a8,EMP-2547,Dissanayaka Mudiyanselage Sriyani,0.00,0,0
82afb22c-c52b-49b8-b9a5-891af73b5389,#EMP-2548,Nirmali Madushani,0.00,0,0
83a4f4c0-2f25-48b9-894b-e8293ebc4fb4,#EMP-2549,Thilini Madushika,0.00,0,0
4a1aa6f6-ce3a-420f-af41-9e6df8507857,EMP-2550,D k Nalika,0.00,0,0
41f27711-694a-469f-80d7-45ad4d9a249d,EMP-2551,D. Mangalika Bandara,0.00,0,0
bcad1586-6ead-445c-a594-4773da25a50a,EMP-2552,H.A.D.T Hemamali Habarakada,0.00,0,0
58313c1c-1375-471e-bfb6-8b1fe9b01e55,EMP-2553,D.B Ashoka Malani,3300.00,0,0
ee105d54-c853-424b-946b-2a928accce04,EMP-2554,K. Milan Tharaka Perera,0.00,0,0
9505e0c2-b661-43db-89e5-4f40f3cbd8b5,EMP-2555,N.B Rangana Nimantha,0.00,0,0
d479b7ee-6010-4c18-b40e-f3472052ec7d,EMP-2556,Yudik Nishandan,0.00,0,0
7a1cc899-3fc2-437d-8fb5-5341c980a082,EMP-2557,Karupaya Sarawanabawan,0.00,0,0
16e51b30-aa51-4718-9342-2a67f5b961b5,EMP-2558,D.M Asanka Upulitha Disanayake,0.00,0,0
68fccc1d-d162-4d77-8ce1-b65af83ee27e,EMP-2559,H.M.C Niranjala Kumari,6400.00,0,0
3d38b649-853d-47e7-a400-d07708fa9674,EMP-2560,R.M Dammika Sadun Bandara,0.00,0,0
336b5f71-718f-4a3a-b784-0f31a3ef2952,EMP-2561,H.H Iroshani Chathurangi,0.00,0,0
aa2714f8-1d86-44ac-8bf3-0af1788190b2,EMP-2562,M.M Saranga Chathurani,0.00,0,0
97a6cb93-dbc7-41ca-b51a-a65208882382,EMP-2563,Masilamani Pradeep,26400.00,0,0
5f730b12-1e59-46e6-8785-f9f4e8c8f51c,EMP-2564,S. Shathim Akshi,0.00,0,0
96b9465f-170c-4e3a-a1c9-ac678f3b32ea,EMP-2565,Chandrakumar Pradeep,0.00,0,0
1dfd3e8f-3d9b-4f7e-a301-108853de1f45,EMP-2566,A.M Siriyalatha Abeykoon,0.00,0,0
3da873f6-c65d-4605-8af4-432cfffabfa1,EMP-2567,H.M.J Jayakanthi Kumari Piris,0.00,0,0
0f51c442-d374-4f55-9af0-43305c1871e3,EMP-2568,Dilani Kanchana,0.00,0,0
abdf5a11-dcfd-4737-85c8-f64b5a9ab3aa,EMP-2569,M.P Silawathi Peiris,0.00,0,0
abd8a5b5-f2f0-4b64-b398-a651bcefe1e4,EMP-2570,D.R Malani Kumari Jayasundara,22798.00,2998.00,2998.00
6e1011e3-7886-4460-9bc5-8b387cf6494b,EMP-2571,Arachchilage Bisomanike,0.00,0,0
7a669da9-c4e6-4719-821c-ec5f0d3f4ea8,EMP-2572,Ranasingha Leelani,3000.00,0,0
6c322536-7b37-439a-93ad-2fe76bcd81bc,EMP-2573,A.L.A Pasindu Ishan Akalanka,0.00,0,0
6873a56d-ca72-4cc9-a5b7-2971c67471e8,EMP-2574,Jesudasan Volisha,39600.00,0,0
ae0e4317-7ebe-4bdc-b528-a68c5bc1fa8b,EMP-2575,N. Shenara Thrishali Perera,0.00,0,0
c141d144-53ba-4e92-8a29-6f41fbc2fd5b,EMP-2576,W.A Nirosha weerasinghe,0.00,0,0
98fdbbac-5ba4-4c53-a2fc-12ba43b84d14,EMP-2577,Ayesha Maduwanthi,0.00,0,0
14bfb8d0-d24a-44e3-a620-406ffbf665cd,EMP-2578,H Sayuri Maleesha,0.00,0,0
d3a45ccf-b02e-4176-b80d-15fb0e6460f9,EMP-2579,R.G.H Aloka Senewirathna,52500.00,0,0
dac7a0d7-daef-4a39-bd58-bca3f3312340,EMP-2580,W.A Iresha Tharangi,0.00,0,0
ed4fb222-4617-4051-b9da-620aa99dc2cf,EMP-2581,W.M.Salika Mahesha,33000.00,0,0
a723cdc1-f861-44c5-b17a-c00921081df4,EMP-2582,M.A.D Madhavi Saumya,9000.00,0,0
55d9f2c8-6b1a-45c7-976a-ca3949e51226,EMP-2583,J.G Hemalatha Jayasundara,45500.00,0,0
4daaca05-c9c2-4212-8164-48fc0eb020ed,EMP-2584,W.G Sapuni Madushika,39000.00,0,0
06415ab8-7ba2-4253-a546-64bfa703c335,EMP-2585,M.D Saman Kumara,0.00,0,0
24a265bc-f9c0-4458-b233-089de7552326,EMP-2586,W.D Jayasundara,0.00,0,0
df35d1b0-fc9d-4811-b782-4f65f7aa972d,EMP-2587,G.W. Upuli Rangika Padmasiri,0.00,0,0
b4a586f1-5ed0-4f89-a655-47ddd8d54891,EMP-2588,S.A Pruthuwi Shakthi,0.00,0,0
15d13061-629b-4db8-a301-2f1dac4dd736,EMP-2589,M. Yaseem Muhammadu Mufasir,6600.00,0,0
f11aafdc-4d49-417c-bfde-fbde5fa437f2,EMP-2590,M.K Kaveeshi Rashani,0.00,0,0
be9f9769-bfd5-40e3-aa25-95f2745a3f39,EMP-2591,S.M Iswaree,39000.00,0,0
7f768b93-74ef-499c-8335-d2e1c03aa618,EMP-2592,D.M Pemawathi,49500.00,0,0
7ffa80a8-d9af-4ee8-8257-f0ecaa6af4d9,EMP-2593,N.G Theekshani Navodya Nilantha,39000.00,0,0
65c948f1-8105-4cb3-8e1c-d4facc1df5b8,EMP-2594,M.G.L Lakmal Udayakumara,23100.00,0,0
bfe0e058-bfda-4861-ad8c-d857e4013438,EMP-2595,Ganeshalingam Kirththika,45900.00,0,0
4605a180-b664-4d49-8332-30120cb5c66e,EMP-2596,H.H Pradeep Pushpakumara,0.00,0,0
3e26ab9f-9829-4fc0-b5d2-1ca2251c0e57,EMP-2597,G.D Sakuni Nimsara Jayawardana,64600.00,6000.00,6000.00
a298de84-6311-447f-8d7b-84297e4205ce,EMP-2598,Chandanee Priyangika,0.00,0,0
cb860bd6-bd7b-46e9-a92d-bbfe6ef2c8c7,#EMP-2599,Umesha Dilhara,0.00,0,0
1093b142-872e-435f-8f7a-7bb69332d290,EMP-2600,M.M Mohamad Insaf,0.00,0,0
36a959af-1ca2-478c-8f1b-78ad46269df9,EMP-2601,M.J.J Sirani Fernando,0.00,0,0
c2813e99-550f-4cb8-93dd-5cbe617ab5fd,EMP-2602,Chandima Surangi,0.00,0,0
371c8ef2-0a6e-46e5-ba6b-e8c3a78dd834,EMP-2603,S. Sujani Sewwandi,30300.00,3300.00,3300.00
04c5d12c-51ef-4898-a0e7-f7631bed7ab7,EMP-2604,H.G Dilinika Lakshmi,0.00,0,0
43bfc98a-f076-4131-9d42-dc7a4a575de6,EMP-2605,A.Gayani Hansika Edirisingha,16500.00,0,0
aad6ece9-bcde-4e5c-9b45-a64b5fcf7997,EMP-2606,Sanjeevi Nithyavani,33000.00,0,0
192d3c91-f6a8-4262-865e-9913521577ea,EMP-2607,M Alabidin Hapsa,0.00,0,0
9c685d82-5e02-4d15-be24-581d8dc07685,EMP-2608,Ramesh Kanoja,0.00,0,0
085ce2a8-2277-46b5-8e8e-87545bd00b47,EMP-2609,K.D.S Dineth Kumara Perera,51600.00,0,0
3b072ab5-9403-48b8-9b54-62ca98195514,EMP-2610,R.G.M Hemalatha,0.00,0,0
d1369cad-3569-4895-a7f3-db4529281336,EMP-2611,Pushparagam Monisha,0.00,0,0
75172370-d62a-48ee-8593-d1222b3f648f,EMP-2612,Maradaweeran Mageshwari,33000.00,0,0
08144772-96df-4e3c-a25f-af26677ee82d,EMP-2613,S. Sujith Kumara,45000.00,0,0
a89804e9-63b9-4dda-b689-da41a2bbd347,EMP-2615,Balakirushnan Kirthigha,0.00,0,0
8e2cdec7-7761-40af-9da8-7afa59d12c6f,EMP-2616,S.A. Tiral Roshan Kularathna,3300.00,0,0
dd47f50c-7bd9-4f4d-9b7b-f2cc5bfc18c2,EMP-2617,B.K Nishani Nethmi Kaushalya,36000.00,0,0
aa5def33-7f68-4823-ad90-4e9cd9aa7acc,EMP-2618,R.A Nethmi Dulanjali Perera,12000.00,0,0
352c797b-866f-4c3c-b66e-8eed2090ebd4,EMP-2619, W.G Chamod Chathuranga Wijesooriya,35000.00,0,0
267d6dda-fb76-4f3b-af7d-dbdad65c0e73,EMP-2620,Ramaiya Dhewendran,0.00,0,0
67ac70d1-8852-409c-92e4-57ba83081c4e,EMP-2621,Prabakaran pramila,46200.00,0,0
ad0c806b-87c0-498b-a913-a0de90f3d92f,EMP-2622,K.M Nirukshani kaushalya Dinapriya,45000.00,0,0
3bac7b51-c958-44e2-a9be-e41d8a5cf024,EMP-2623,S Iroshani Devi Dammika,0.00,0,0
29f3c207-0ac5-4a56-aeb3-fd916095fc07,EMP-2624,Josuwa Kewin,42000.00,0,0
1d9b3e18-b3e9-47c8-9450-ba097a0b72b5,EMP-2625,Yasurini Abilashini,0.00,0,0
fe595be3-d290-4bd2-8c36-e958bc7dc991,EMP-2626,Isuru Sampath,29100.00,0,0
f4dc74d0-77a4-4119-9b8c-5c488b015b5e,EMP-2627,Hiruni Pramodya,45000.00,0,0
2abfd79f-7226-44e1-876a-3ec8435b4431,EMP-2628,Selvaraj Ramaraj,0.00,0,0
6b1ec191-92c4-443a-acc3-0e7df1fc46e2,EMP-2629,B.K Menaka Jeewamali,0.00,0,0
f8222ca9-f65f-428e-a393-d7285c05b888,EMP-2630,K.G Sajith Lalinda Madushan,27000.00,0,0
38b6fb56-d668-448d-836a-2f8691781469,EMP-2631,G G A Pramathilaka,46018.00,1018.00,1018.00
81ab0353-4de0-478b-9a20-8fc256c95162,EMP-2632,K V Anusha,0.00,0,0
b7803f9c-5e70-4b38-b9aa-80aa8c55a0bf,EMP-2633,P.M Nadeeka Hemanthi Senevirathne,0.00,0,0
bdf900ad-cb7f-4097-97a3-f2826623a857,EMP-2634,K.A  shamila Sandamali,0.00,0,0
676d6945-f612-4197-a0f1-57a66cfca967,EMP-2635,K.M Imalka Madushani,49000.00,0,0
e1207197-4ef8-4629-a8ec-bced46374abc,EMP-2636,G Wasantha Kumara jayarathna,0.00,0,0
2aeb42b2-97cd-4f04-b105-dd06fb386963,EMP-2637,Dilrukshi Prasadi Rathnayake,0.00,0,0
1cfbc136-a9d7-44b7-af2d-19a3bbf7895c,EMP-2638,D.J.P.N Sewmini Nawodya Jayasooriya,0.00,0,0
8a52ef42-6d40-4eca-ac15-91d4ccb56260,EMP-2639,Nirakshi weerasinghe,0.00,0,0
f818c3d6-16e5-4288-9af8-3068afac39dd,EMP-2640,H.D Dinushi Sapthala Maduwanthi,0.00,0,0
c80468fb-37ec-4a19-a23a-eb868ee1e660,EMP-2641,Thanuja Deepanjali,28398.00,3000.00,3000.00
0e7a7f57-9ec2-46b1-b2f1-8656a885d411,EMP-2642,S  Ushanthani,0.00,0,0
a04f5b9c-9e3d-4e39-8440-b0cfda4be76a,EMP-2643,K G Nethmi Kavindya,0.00,0,0
204dc2f4-5321-4b38-b0ee-8305641276ea,EMP-2644, K A Thushari priyanka,48000.00,0,0
0fbc9fd9-4165-49c0-aa4b-f3b85e333737,EMP-2645,W M P Vishwanath weerakon,37800.00,0,0
c8a3e902-b53d-487c-b078-9517e7df8a4d,EMP-2646,M E Umesha de Silva,39000.00,0,0
2ed8293f-abc1-42fb-93e0-a790ebcfb093,EMP-2647,P G Dilumi Namitha Pathirana,51600.00,0,0
87861cbc-b284-471d-aca9-efe01d3392c2,EMP-2648,K. M Chamila Roshani ,0.00,0,0
64191d38-ec0b-4044-98d0-35444bb3b5dd,EMP-2649,G.H Prageeth Kavinda wijayananda,59050.00,0,0
e90ae9c4-b8f2-4d25-9948-424fdcf01163,EMP-2650,J.K.A Rasika Harshani,0.00,0,0
ec5265b4-c736-4e01-94af-ee3a28b557eb,EMP-2651,H. Amarani Nalika,49500.00,0,0
a079e31d-09de-4b69-a46f-8c3ea02e96b0,EMP-2652,H.G Dharmasiri Wimalarathna,43000.00,0,0
0de25e69-f4c3-44f9-af5a-5551969d7f6e,EMP-2653,H.H Saduni wasana Sewwandi,0.00,0,0
3aaa2fb5-d963-4852-9f61-4b9e30ba1d1f,EMP-2654,S. Hiruni wathsala Abesekara,21000.00,0,0
cebe8620-5863-4187-b022-90077103f007,EMP-2655,H. Viyumi Nisansala,0.00,0,0
1f2e0d39-6acd-4561-bc81-b3e65b69731d,EMP-2656,Ramar Rakshitha,0.00,0,0
f20fbe90-c69b-485f-bcd4-1fa5807b2868,EMP-2657,Indra,37500.00,0,0
3e7be775-3819-4da6-9722-3cdb851f924c,EMP-2658,K.I Chandrika priyadarshani,33000.00,0,0
38ea582e-4642-4283-a5eb-6b6fd274c4e6,EMP-2659,K.R Samadhi prarthana Amarasingha,0.00,0,0
3c866834-9cd4-4ad5-8be7-63360a8697f2,EMP-2660,L.P Sithumini Chanodya,39000.00,0,0
b56be26f-5446-4dbd-94c2-50cd3b71b7c5,EMP-2661,Nirosha Madumali,0.00,0,0
94e99d6c-9682-4a14-94d4-4c68f5827589,EMP-2662,D.M Madara sanjeewani,33000.00,0,0
47cf2819-5c86-48e2-85db-5be1e798b006,EMP-2663,H. Rithmini kaveesha sandaruwani,0.00,0,0
dc164cb1-e65b-40ea-ab9d-149b22b64832,EMP-2664,H. Malki Shehara Lakshani,13200.00,0,0
fd0d58a7-bb0f-4fff-8edf-9ae1af52796d,EMP-2665,I.K.D Tharani Sasinda,39600.00,0,0
fcb7cec6-17a6-4388-8f79-2ad0f8d9acf0,EMP-2666,K.A Dilhani Kaushalya Ranaweera,0.00,0,0
f946d49d-bc6d-4604-ad32-746ceb1f3cc8,EMP-2667,N.W Manjula Tharanga,0.00,0,0
da1a7724-10cf-46b6-8514-01ac8afcc894,EMP-2668,K Manoj Priyankara,0.00,0,0
1cb924dc-15dc-48de-9413-cdc119e9e0dc,EMP-2669,B W G Mahinda Bandara Jayasooriya,4000.00,0,0
ae26e20a-75a1-44db-ad4d-aca073d3d826,EMP-2670,R D Chaminda Bandara,3300.00,0,0
cd8037ad-f391-4b95-8714-062c10332dcb,EMP-2671,S M Rodni Goden,0.00,0,0
58035fca-e2ab-45f5-9622-0bebcc0aa54d,EMP-2672,K K Chalat,24000.00,0,0
b63f06f0-ab2e-46ca-9f98-29067b2eaa41,EMP-2673,U Janaka Kumara,0.00,0,0
b40cef57-824a-424c-bd87-0a7d2b3d0b9a,EMP-2674,Dewmi Sathsarani Yapa Amarasekara,0.00,0,0
ae0c833f-7ea1-46d9-9923-8a8f9dcfda2f,EMP-2675,K P Anuruddhika Sandamali,0.00,0,0
9b670fdc-041c-4f2e-aadc-57efa8e8b725,EMP-2676,E A Sunethra,22750.00,0,0
77c471b7-ccee-4696-bfa4-662d0792507b,EMP-2677,Iresha Madushani,19800.00,0,0
ce8fb789-12a4-46d8-ac98-0230e1236a32,EMP-2678,R Shivayogavani,0.00,0,0
941864a5-5b34-4c48-9edc-5a63a2de1cb0,EMP-2679,J.P Nisansala Madubhashani Ranasingha,3200.00,0,0
c16a0e0f-1cc7-4383-b2fa-6f5685c67e85,EMP-2680,K G Susil Wijerathna,0.00,0,0
8ec3b1be-4296-4cf0-af82-83b6352be28b,EMP-2681,Ramesh Indrajith Maddumakulage,0.00,0,0
fa2ab713-6a7d-45ee-8b09-17e0bad8cd1f,EMP-2682,Inoka Padmini,300.00,0,0
a3b7695d-7d43-4230-824f-c8702a6753a0,EMP-2683,H G Nimesha Thilini Banduwardhana,3000.00,0,0
f17ea101-ef32-4e57-bb08-cb9614a82bae,EMP-2684,W D Suranga Wickramasingha,3000.00,0,0
4c4d3a5c-c6c5-47ae-a158-e560fe68f213,EMP-2685,E B Nirupa Darshani,0.00,0,0
f156cbf7-d67a-48a8-91a1-a80ed1985b92,EMP-2686,E M D Sunethra Elinsinha,3000.00,0,0
7c2d3fe0-3aa7-4ca3-9ea3-04416dff5633,EMP-2687,Ranjani Ranaveera,0.00,0,0
38fb295a-56ad-4c55-be67-cb66ea822a83,EMP-2688,Thisaru Kalpana Sewwandi,0.00,0,0
01b06e79-06b8-4f02-badb-c469abf55835,EMP-2689,Muththulingam Palani,0.00,0,0
e1ab2548-e430-4fe7-aeee-5f65a34b7c14,EMP-2690,A Vijekumari,0.00,0,0
5f1986b1-5626-4793-bb4d-f6337c264e02,EMP-2691,I D Malindu Himasha Gunathunga,0.00,0,0
539892de-a482-4f38-826b-c6833af9d255,EMP-2693,A M Shasikala Lakmali Wijesingha,0.00,0,0
6d2290c5-a1ff-49fc-ab52-64a1283ca2a6,EMP-2694,N A Samadhi wijesingha,6500.00,6500.00,6500.00
f20fa2c9-364f-4f2a-a662-6bd64ecf93b4,EMP-2695,K Pushpa Priyadarshani,0.00,0,0
cd4b9206-7b70-47dc-bd18-c0eba087c5aa,EMP-2696,E P Niroshani Sandamali,0.00,0,0
48db60c6-92bc-4953-b953-74bc40d5af34,EMP-2697,R W M Nimasha Sandamali,0.00,0,0
a3780dd7-befe-4c08-8ade-0af457d233ab,EMP-2698,W M Chandradasa,0.00,0,0
e52b85ce-91a9-47f4-9ec3-4acab90d75bd,EMP-2700,sana test only,21000.00,0,0
3b09fa5b-6066-41a8-811f-1336c22849fa,EMP-2702,W A Keerthini,0.00,0,0
e44a6b22-17bc-486f-96d8-5713f8f219cf,EMP-2703,Pabasara Nipuni Gamagedara,0.00,0,0
5ac438ab-bc32-411d-9490-196076350c01,EMP-2704,Shamika Dulari  Rajamandira,3000.00,0,0
a74c6d20-a67f-4db6-8139-60ff027df0cb,EMP-2705,T M Nandani Piyawathi,0.00,0,0
18bdcf0b-c06e-48e3-9a3d-4b9da2693493,EMP-2706,W Shayama Kumari Weerasingha,0.00,0,0
24a12eb1-5d70-4e59-921a-7e35a1bfafc4,EMP-2707,W Anula Kanthi Weerasingha,0.00,0,0
4861bd1b-75f9-4546-b058-5e1c3cb4bd8d,EMP-2708,A K M Anuruddhika Dissanayaka,0.00,0,0
eec9778b-ecda-4747-8484-ecd659385644,EMP-2709,R M G Ghanadari Gunathilaka,0.00,0,0
f8928678-5b88-4770-8381-148dd4c563ba,EMP-2710,N B Udeni Priyanthika Kumari wijerathna,0.00,0,0
11123f39-be41-47f9-8911-7bc3ed386e92,EMP-2711,A M Rathnawathi Manike,0.00,0,0
c034737e-a9a6-448a-b2f5-4d37071a7f70,EMP-2712,N  Shamila,0.00,0,0
b9de7915-f9d9-4a0f-970a-8f983240c740,EMP-2713,S L Deshani Pubudini,0.00,0,0
2e4330f9-1e38-4429-bca3-04e39129603c,EMP-2714,Y Niranjani,0.00,0,0
1e9ff998-1a2e-4b3c-84d0-f23a51674ccf,EMP-2715,K A Priyanie Mangalika,0.00,0,0
923fed98-3d15-499c-a686-d091bc495405,EMP-2716,D M Sanjeewa Priyashantha Deegalla,0.00,0,0
77e9c8cd-a3ff-4c71-b34d-2d441ad824dd,EMP-2717,H L Dinesha Punsisi,0.00,0,0
be406e54-8916-47d0-82e2-f1a5e521dbfc,EMP-2718,R M Sasika Sandipa Rathnayaka,0.00,0,0
001e2197-d0ba-41b9-b4b3-bdf198817c24,EMP-2719,R Poojith Kumara,0.00,0,0
b7efc0b4-64c2-4b94-855a-bf3c5ab98850,EMP-2720,Testing Account 1,2500.00,0,0
3b074072-8387-4d93-b48a-98a1aade31cd,EMP-2721,Testing Account 2,1200.00,0,0
864ec750-a6d0-4d8b-8dd9-320b47eaf235,EMP-2722,Testing Account 3,3000.00,0,0
693a9330-289c-4db5-85d4-7958980a93b5,EMP-2723,Testing Account 4,5500.00,0,0
b83d61d3-fa89-4003-b4df-054679323dbd,EMP-2724,Testing Account 5,1500.00,0,0
0192b0b8-9c12-4b71-af93-721c081b171d,EMP-2725,P H Sakunthala Sewwandi,3000.00,0,0
1a481f9c-d5bd-4825-948b-818ce8d94d34,EMP-2726,W A Prabath Perera,0.00,0,0
a34a4bd3-cbe4-4369-b4c0-3edaad3acf18,EMP-2727,K M Sumanawathi,0.00,0,0
a18de5c8-e9bf-478c-9e4b-bf06a02f748c,EMP-2728,K D Lakshika Rasangani,0.00,0,0
1fd9b269-17ab-4318-9042-72f953520038,EMP-2729,W G Karshani Mayomi,3000.00,0,0
19dc64e8-b32e-47f9-8397-6d5623fa960b,EMP-2730,H M Hiruni Kawshalya,0.00,0,0
5e8d9362-d716-45b5-bf8e-d06a23f3105b,EMP-2731,E M A G T Sandakelum Ekanayaka,0.00,0,0
e5dfc726-54ff-4426-b5c8-1757e902579f,EMP-2732,R A S D Prarthana Ranasingha ,0.00,0,0
0fc61fbd-e86a-47af-8f29-3a79fbad8810,EMP-2733,K S A Madushanika Sewwandi ,0.00,0,0
1f006d54-f8ad-468e-9234-a2ef726ba684,EMP-2734,L G Dishni Sithari Karunathilaka,0.00,0,0
fd085ba0-09f4-43a7-bc99-31fc1186412d,EMP-2735,A W G Sachini Athma Chamodi,0.00,0,0
bfa26cfd-c812-4dfb-a80c-771e9feae575,EMP-2736,W A Athula Daminda,0.00,0,0
3ad37fe6-a459-4e88-8180-f3a18e7092e5,EMP-2737,K L S Nisansala Gunathilaka,0.00,0,0
94f268df-9a63-4c1e-9e64-7ad5ca5a723e,EMP-2738,L K K S Sadaruwani Thilakarathna,0.00,0,0
d40e2c2b-cbaf-4efa-b176-5570d61428b3,EMP-2739,U Sandhuni Madhushani,0.00,0,0
a290b0ab-846c-420c-8f38-2a7a3f62fe30,EMP-2740,Kunaraj Thushanthan,0.00,0,0
2286d174-3b0c-40f7-a326-c93e919c611d,EMP-2741,K H Ishara Dilshan,0.00,0,0
bc451797-02af-4445-a7d5-d20fb20aa8fb,EMP-2742,Udayakumar Abinas,0.00,0,0
32fea0df-966e-43e3-a3e9-c8eae255aa17,EMP-2743,K P K Chandana Jayathunga,0.00,0,0
0ddde056-53b7-4de3-bb78-d02b69237fea,EMP-2744,W Ruwani Pradepika,0.00,0,0
a984b500-0fb1-48c6-b0fa-4dca2c51a981,EMP-2745,test staff profile A,0.00,0,0
00a117a5-423e-4786-bfb2-2628d85ce7f0,EMP-2746,E A Surangika Maduwanthi,0.00,0,0
2ac288da-61e1-4ac1-b1b9-3a5dc7686a51,EMP-2747,K M G G Lalitha Kulasekara,0.00,0,0
a731e297-5ad8-44d7-a681-eca001b7089c,EMP-2748,M Geethakumari,0.00,0,0
a898e430-0477-453e-aef9-f1f343acd749,EMP-2749,H Irangana Wijayawickrama,0.00,0,0
a117b298-2db6-4f0f-86c2-19d7417e719c,EMP-2750,R M Chalani Imeshika,0.00,0,0
93839f64-b7af-40d2-b089-cb6219f8d8c9,VC-0124,test only  naveed,0.00,0,0
